name,difficulty,Shape__Length,X,Y,completionTime
A_Frame_Hut_&_Takapari_Road_Track,Advanced,2456.580522,176.0207557,-40.11345383,2_-_3_hr
A’Deanes_Bush_Walk,Easiest,710.5992183,176.2966381,-39.93175952,30_min
Abel_Tasman_Coast_Track,Intermediate,64698.66557,173.0175497,-40.86511127,3_-_5_days
Ahuriri_Estuary_Walking_Track,Easy,3027.133188,176.8834351,-39.48193172,1_hr
Ahuriri_Valley_Track,Advanced,16480.86178,169.6360911,-44.18566905,6_hr_one_way
Akeake_Historic_Reserve_Track,Easy,1306.951378,174.0455177,-35.19197683,15-30_min_one_way
Albert_Burn_Hut_Track,Advanced,19457.4311,169.032178,-44.34282,6_-_8_hr
Alex_Knob_Track,Advanced,7570.157857,170.1588424,-43.4148602,8_hr
Alice_Nash_Memorial_Heritage_Lodge_Track,Easy,2453.599699,176.0153801,-39.95602211,1_hr_30_min_return
Allans_Beach_Track,Easiest,253.3400256,170.6997546,-45.87430369,5_min
Alpine_Nature_Walk,Easiest,704.5008234,172.4014761,-42.37952369,20_min
Alpine_Route,"Advanced,Expert",62220.71144,173.2066995,-41.5193372,
Ananui_Falls_Track,Advanced,4499.005844,175.8547209,-37.50366084,4_hr
Anatoki_and_Historic_Kill_Devil_Pack_Tracks,Advanced,50620.79428,172.678597,-40.92487005,3-5_days
Anaura_Bay_Walkway,Easy,4049.057185,178.3084304,-38.2313073,2_hr
Angelus_Hut_tracks_and_routes,"Advanced,Expert",34534.85086,172.784208,-41.85342461,2-3_days
Antimony_Mines_Track,Advanced,4300.234973,174.1714121,-41.0741186,2_hr
Aorangi_Crossing,Advanced,21512.77157,175.2937637,-41.53117798,2-3_days
Aorere_Goldfields_Track,Easy,5487.000645,172.6229023,-40.75209804,3_hr_circuit
Aotea_Track,Advanced,41684.30391,175.4020129,-36.21279083,2-3_days
Arahura_&_Styx_valleys_tracks,Advanced,42031.77798,171.2729818,-42.85870169,2_-_4_days
Aramoana_Boardwalk,Easiest,471.4742767,170.703804,-45.7814491,20_to_45_min
Aratiatia_Rapids_tracks,"Easiest,Easy",6771.845557,176.1107992,-38.62867292,10_min_|_2_hr
Archer_Track,Easy,7757.580872,173.7744424,-41.07142771,3_hr_30_min
Arohaki_Lagoon_Track,Easy,2505.452773,176.6729253,-38.68177862,4_hr
Around_the_Mountain_Circuit,"Advanced,Expert",92893.99727,174.0937593,-39.27213748,4_-_5_days
Arrowtown_Chinese_Settlement,Easiest,296.3918932,168.8275173,-44.93758862,At_your_leisure
Arthur’s_Pass_Walking_Track_,Easy,3584.226633,171.5589938,-42.92143446,2_h_40_min
Asbestos_Cottage_tracks,Advanced,10853.43685,172.6929746,-41.12935934,2_hr_|_4_-_5_hr_one_way
Atene_Skyline_Track,Advanced,12250.87705,175.1388144,-39.72710868,6_-_8_hr
Atleys_Track,Advanced,3531.871516,168.662001,-44.913323,5_-_6_hr_
Avalanche_Peak_-_Crow_River_Route,Expert,11802.6525,171.5456759,-42.94499698,2_days
Avalanche_Peak_Route,Expert,5676.3247,171.5477155,-42.93647063,6_-_8_hr
Baikie_Hut_Track,Advanced,4112.017564,170.0641876,-44.12643027,3_hr_one_way
Bain_Bay_Track,Easy,3438.489096,171.4016795,-42.62703957,2.5_hr
Bannockburn_Sluicings,Easy,3420.027343,169.146338,-45.0770941,1_hr_30_min
Beehive_Creek_Walkway,Easy,4142.722385,175.8220988,-40.14956655,2-3_hr
Ben_Avon_access_route,Expert,494.6960871,169.6529988,-44.40562189,30_min
Ben_Lomond_Track,Easy,4651.883408,168.6377455,-45.01963718,"3-4_hr_to_Ben_Lomond_Saddle,_6-8_hr_to_Ben_Lomond_"
Big_Bend_Track,Intermediate,3105.242282,174.9898877,-41.33302225,1_hr_30_min_one_way_from_Turere_Bridge
Big_River_tracks,"Intermediate,Advanced",20292.35485,171.8936292,-42.24596864,
Big_Tōtara_Walk,Easy,622.142677,167.6354101,-45.86641065,30_min_return
Billygoat_Circuit,Intermediate,9922.033971,175.679367,-37.055344,4_-_5_hr
Birch_Creek_access_route,Expert,2306.367613,169.6244622,-44.3781718,1_hr_one_way
Black_Hill_Hut_tracks,Advanced,9187.601994,172.0402893,-43.19203335,2_days
Blue_Lake_Track,Easy,5556.543874,176.329267,-38.18742882,1_hr_30_min
Blue_Lake_walks,"Easiest,Advanced",4692.15523,169.810247,-44.870071,30_min_to_1_hr
Blue_Lakes_and_Tasman_Glacier_walks,Easy,1841.243254,170.1632266,-43.69802699,1_hr_return
Blue_Pools_Track,Easiest,753.8049289,169.2762875,-44.16419766,1_hr_return
Blue_Valley_Track,Advanced,15933.36448,169.2132875,-44.12294067,2-3_hr_one_way
Blue-Young_Link_Track,Intermediate,5804.666811,169.2571988,-44.17880346,3_-4_hr
Bluff_Stream_Kauri_Loop_Track,Advanced,6103.025764,175.7799681,-37.46468682,3_hr
Bob’s_Camp_Bivouac_Route_,Expert,10601.79703,172.3302046,-43.16064558,5_hr_one_way
Bob’s_Cove_Bridle_Track,Easy,2679.396934,168.4982227,-45.07305085,1-2_hr
Bob’s_Cove_Track_&_Nature_Walk,Easy,6431.935,168.5274676,-45.07332148,20_min_one_way
Borland_Nature_Walk,Easy,1532.179283,167.5364505,-45.77598852,40_min_return
Borland_Road_to_Monowai_Hut_Track,Advanced,19079.71901,167.3656778,-45.7740298,9_hr_one_way
Boundary_Creek_Track,Advanced,2302.309487,169.2079604,-44.34102058,6-_8_hr
Boundary_Stream_Walks,Easy,20568.70838,176.8248634,-39.12380164,
"Boyd,_Oamaru_and_Cascade_Hut_tracks",Advanced,78581.5092,176.2077564,-39.03180196,2_-_4_days
Boyd_Creek_Track,Advanced,4875.397827,167.9835344,-45.14119224,2.5_-_3.5_hr_to_tops
Braemar_Road_to_Landslip_Creek,Advanced,15835.97455,170.2452208,-43.92699417,3_hr_one_way
Brasell_Point_Nature_Walk,Easy,329.6915735,167.1564114,-45.46365128,1_hr_return
Breast_Hill_Track,Advanced,45975.23511,169.435318,-44.528134,2_days
Brewster_Track,Advanced,2721.120865,169.3989266,-44.08426767,6_-_8_hr_return
Bridge_to_Nowhere_Walk,Easy,1887.201153,174.9727674,-39.2744882,1_hr_30_min_return
Bridle_Track,Easy,3509.844119,169.3444648,-44.1206154,1_hr_30_min
Broken_Hills_walking_tracks,Easy,10258.28091,175.7191967,-37.10437238,5_min_-_10_hr
Bruce_Park_Loop_Track,Easy,1583.815385,175.5243609,-39.96467641,20_min_-_1_hr
Brunner_Mine_Site_Walk,Easiest,685.0776383,171.3241491,-42.43437379,1_hr_
Bryant_Memorial_Reserve_tracks,Easiest,2082.121385,174.8233785,-37.82589575,20-25__min
Brynderwyn_Hills_Walk,Advanced,19109.83003,174.492588,-36.0709906,6_hr
Bullendale_&_Dynamo_Hut_Tracks,Advanced,10723.18039,168.6869016,-44.81845827,4_-_6_hr
Burnt_Ridge_Track,Easy,4406.891394,167.5363447,-45.79223037,1.5_hr_one_way
Burrill_Route,Expert,8075.612675,175.3889838,-36.09553333,8_-_9_hr_return
Burttons_Track,Advanced,12803.32642,175.5268949,-40.55122894,"6_hr_going_south,_7_hr_going_north"
Bushy_Beach_Track,Easy,228.1565857,170.9799408,-45.12184201,10_-_20_min
"Buskin,_Highcliff_and_Paradise_Road_tracks",Advanced,3219.655421,170.608004,-45.89409404,1_hr_30_min
Butcher_Track,Advanced,1402.645063,174.9375085,-41.35380735,2_hr_one_way
Butterfields_Wetland_Walk,Easy,1100.994072,169.2112423,-44.67350164,45_mins
Cable_Bay_Walkway,Easy,9121.186234,173.391475,-41.17332442,3_hr_30_min_one_way
Callery_Gorge_Walk,Easy,2485.150805,170.1872879,-43.39340539,1_hr_20_min
Cameron_carpark_tramping_tracks,Advanced,3330.68786,176.3391715,-39.37249461,
Cameron_Valley_Track,Advanced,5731.120804,169.31935,-44.176629,4_-_5_hr_one_way
Camp_Stream_Hut_Track,Advanced,15212.89282,170.6440617,-43.77831965,3_-_4_hr
Canavans_Knob_Walk,Easiest,1529.82184,170.1660997,-43.38460672,1_hr_-_1_hr_40
Canyon_Creek_Track,"Advanced,Expert",4206.429489,169.5851983,-44.21797569,3_hr_50_min_one_way
Cape_Brett_Track,Advanced,4395.838145,174.3179709,-35.18507175,8_hr
Cape_Foulwind_Walkway,"Easiest,Easy",3200.259742,171.4592061,-41.76501132,1_hr_15_min_one_way
Cape_Kidnappers_Walking_Track,Easy,8800.802075,177.0082228,-39.63990437,5_hr_return
Cape_Reinga/Te_Rerenga_Wairua_Lighthouse_Walk,Easiest,379.2857021,172.6788534,-34.42806531,10_min
Carrington_Hut_Route,Expert,15289.57149,171.5139009,-43.00099912,2_days
Cascade_Saddle_Route,Expert,15478.15126,168.629884,-44.493628,1_-_2_days_to_cross_saddle
Casey_Saddle_-_Binser_Saddle_Route,Advanced,40630.72832,171.7933497,-42.99300749,2_days
Cass-Lagoon_Saddle_Track,"Advanced,Expert",31680.65758,171.6921417,-43.09539567,2_-_3_days
Catchpool_Loop_Walk,Easy,5469.349914,174.9303168,-41.34895167,30_min
Cathedral_Caves_Walk,Easy,169.0144405,169.3749931,-46.60730144,30_min_one_way
Cathedral_Cove_Walk,Easy,1929.69533,175.7990532,-36.83335308,1_hr_30_min_return
Catlins_River-Wisp_Loop_Track,Advanced,13177.35796,169.4589776,-46.43875107,One_long_or_two_shorter_days
Cattle_Ridge_Track,Advanced,10550.88909,174.953692,-41.34927724,1_hr_30_min_one_way
Cave_Stream_Scenic_Reserve_tracks_and_cave_walk,Easiest,813.0331334,171.7431299,-43.19643979,1_hr
Chalice–Goulter_Track,Advanced,26050.82296,173.2393949,-41.5786031,2-3_days
Chalkies_Track,Advanced,4694.175046,170.4064419,-45.81564491,3_hr_30_min
Charming_Creek_Walkway,Easy,9261.72863,171.8812823,-41.609507,2_hr_30_min_-_3_hr_one_way
Christchurch_-_Little_River_Railtrail,Easy,22586.07195,172.6572018,-43.78540257,
Clarke_Flat_&_Te_Wanahu_Flat_tracks,"Easiest,Easy,Advanced",8612.261616,171.2522057,-43.89541668,Various_times_up_to_3_hr
Clay_Ridge_Track,Advanced,15683.91079,174.9630636,-41.32338931,2_hr_30_min_one_way
Cloudy_Peak_Track,Advanced,7228.876914,169.4778811,-44.91238084,4_-_6_hr
Cloustons_Mine_Track,Advanced,4627.250988,172.6953627,-41.18224481,3_hr_one_way
Coal_Creek_Track,Easy,1699.139854,171.2616875,-42.40842991,1_hr
Cobb_Ridge_Route,Expert,8529.46922,172.660372,-41.12820864,6_hr_one_way
Cobb_valley_tracks,Advanced,12280.30351,172.5660123,-41.09024989,4_-_5_hr_one_way
Come_in_Time_Battery_Walk,Easy,274.1022157,169.4109627,-44.93583575,15_min
Comet_Road_end_to_Shutes_Hut,Advanced,5785.583899,176.2860563,-39.48880776,2-3_hr
Cooks_Cove_Walkway,Easy,2396.203775,178.3269359,-38.3827811,2_hr_30_min
Copland_Track_to_Welcome_Flat_Hut,Intermediate,15595.85971,169.8797173,-43.6102812,7_hr_one_way
Coppermine_Road_End_tramping_tracks,Advanced,9924.025144,175.880748,-40.24000213,
Coromandel_Walkway_and_mountain_bike_track,Easy,16519.88997,175.4117957,-36.49652763,7_hr_return
Craig_Burn_Track,Easy,19048.16548,169.193467,-44.495988,1_hr
Croesus_Track,Advanced,22504.97753,171.3782066,-42.28994445,1-2_days
Crown_Track_to_Dickeys_Flat,Easy,4399.801591,175.7364854,-37.42799613,1_hr_one_way
Croydon_Bush_tracks,"Easy,Advanced",14964.48335,168.8504555,-46.05917604,30_m_-_2_hr
Crystal_Battery_Track,Intermediate,2078.316122,168.6767714,-44.83463472,2_hr
Cullen_Point_tracks,"Easiest,Easy",3102.162016,173.779795,-41.26770498,10_min_and_1_hr
Curtis_Falls_Track,Advanced,5170.154511,174.1100016,-39.29408601,2–3_hr_return
Dalys_Clearing_Loop_Track,Advanced,7506.947907,175.7796304,-37.46367378,4_hr
Dawson_Falls_-_Stratford_Plateau_tracks,Advanced,8729.446131,174.1078309,-39.31681733,1_hr_20_min_one_way_|_3_hr_30_min_-_4_hr_return
Dawson_Falls_short_walks,Easiest,1291.993521,174.1058358,-39.32500101,5_min_one_way_|_10_min_one_way
Dawson_Falls_walking_tracks,Easy,4778.203198,174.1014366,-39.31940414,
Deadmans_Track,Expert,4194.092809,168.1535428,-44.7443979,5_hr_one_way
Deans_Bank_Track,Easy,10677.84687,169.1892161,-44.67673795,1_hr_30_min_-_2_hr
Deep_Stream_Track,Easy,1243.332956,170.356162,-44.64318997,1_hr_one_way
Deerford_Track_to_Makiekie_Creek,Advanced,4014.430804,176.0177115,-39.98599068,1_hr_30_min_return_or_3-4_hr_full_circuit
Deliverance_Cove_Track,Easy,1456.714926,176.2206607,-40.90463048,1_hr_30_min_return
Denniston_walking_tracks,Easy,7011.897881,171.7849031,-41.73339129,40_min_-_6_hr
Dennistoun_Bush_Track,Easy,1466.475232,171.2442882,-43.90556411,1_hr_return
Devils_Punchbowl_Walking_Track,Easy,663.4484764,171.5609532,-42.93523298,1_hr_return
Diamond_Creek_Track,Easy,2709.911463,168.3894115,-44.77569133,45_min_one_way
Diamond_Lake_and_Rocky_Mountain_walks,Easy,5708.404074,168.966129,-44.644941,Various_times_under_3_hr
Dingle_Burn_Peninsula_Track,Easy,12051.86045,169.355005,-44.45757003,6_-_8_hr
Dingle_Burn_Track,Advanced,34817.02606,169.513451,-44.358808,2_-_3_days
"Dome_Forest_car_park_to_Govan_Wilson_Rd,_Matakana_",Advanced,11737.91407,174.6454256,-36.34569595,7_hr_one_way
Dome_Forest_car_park_to_lookout_,Easy,1042.931191,174.6130867,-36.361774,40_min_one_way
Dome_Forest_car_park_to_Waiwhiu_Grove,Advanced,4084.883551,174.6292152,-36.36134583,1_hr_30_min_one_way
Donnelly_Flat_Loop_Walk,Easy,2570.670601,175.471081,-40.904241,1_hr
Dore_Pass_Route,Expert,10301.39398,167.9656922,-44.93606893,8_hr
Double_Hill_access_tracks,Advanced,2935.691212,171.3274251,-43.31196761,
Doubtful_valley_track_&_routes,"Advanced,Expert",33970.53043,172.2632699,-42.53045359,
Douglas_Range_,Expert,32787.71623,172.5713008,-40.94437026,5-7_days
Douglas_Walk,Easy,1637.199197,170.1785537,-43.41584083,1_hr
Dromedary_Hill_Track_,Advanced,4713.889658,169.7020696,-44.51277656,6_-_8_hr
Dry_Creek_Track,Advanced,8407.944413,169.4503962,-44.90707986,4_-_6_hr
Dukes_Nose_(Kairara_Rocks)_Track,Intermediate,592.9489328,173.7330088,-35.01356174,45_min_one_way
Dusky_Track,Advanced,62747.805,167.0811449,-45.67490236,8-_10_days
Earnscleugh_Tailings_Track,Easy,5060.519948,169.3574776,-45.24647496,30_min_or_2_-_3_hr
Earnslaw_Burn_Track,Advanced,8048.44482,168.4273051,-44.71091415,8_-_12_hr_return
East_Ahuriri_Track,Advanced,20384.36035,169.7492925,-44.35532028,1_-_2_days
East_Eglinton_Track,Expert,7337.96206,168.0575763,-45.04066381,2_hr_one_way_to_river_forks
East_Matukituki_Valley_tracks,Advanced,20104.45271,168.8168876,-44.43791344,3–4_hr
Edwards_-_Hawdon_Route,Expert,29384.06784,171.6564492,-42.93149185,2-3_days
Edwards_-_Otehake_Route,Expert,27235.40859,171.6810267,-42.87733224,2_-_3_days_
Eldrig_Peak_Route,Advanced,2966.500096,167.4803499,-45.74512979,4_-_5_hours_to_tops
Eliza_Mine_Loop_Track,Advanced,4720.027796,175.8570557,-37.63195699,4_-_5_hr
Ellis_Basin_Route,Expert,18463.47308,172.6876856,-41.23354609,2_days
Emily_Falls_and_Rata_Falls_Tracks,Easy,2658.043846,171.2292257,-43.89648234,45_min_one_way_|_1_hr_one_way
Everett_Park_Scenic_Reserve_walk,Easiest,544.7985457,174.2825862,-39.12218737,
Ewe_Range_Track_,Advanced,6444.065441,169.9073691,-44.61165851,3_hr
Falls_Creek_Route,Expert,3619.967098,168.0736692,-44.83017231,"4_hr_to_bush_edge,_6_-_8_hr_to_rock_bivvy"
Fantail_Bay_Track,Advanced,1377.753308,175.3343713,-36.52491565,30_min_one_way
Fanthams_Peak/Panitahi_and_Syme_Hut_Track,"Advanced,Expert",4256.800389,174.0837644,-39.31441218,5–6_hr_return
Farewell_Spit_and_Puponga_Farm_Park_tracks,"Easy,Advanced,Expert",27414.47857,172.7111166,-40.50894122,Various_times_under_5_hr
Ferndale_tracks,Easy,405.5839122,173.9725344,-41.18948446,15_min_-_1_hr
Field_Hut_and_Table_Top,Intermediate,4877.293726,175.2425796,-40.89688233,5_–_6_hr_return
Fig_Tree_Track,Easy,6032.525777,173.4108992,-34.82914702,3_hr
Five_Mile_Bay_and_Awaroa_Tracks,Easiest,5128.947229,176.0745315,-38.76141785,30_min_-_1hr
Five_Mile_Loop_Track,Easy,1967.638846,174.936556,-41.34321281,1_hr_30_min
Flagstaff_Hill_Track,Easy,1350.7861,174.120517,-35.25969856,30_min
Flora_Hut_and_Mount_Arthur_Hut_tracks,"Easy,Advanced",7876.65818,172.7343685,-41.19340263,Various_times_under_4_hr
Flower_Brothers_Walk,Easiest,176.0191419,172.595774,-41.79585298,15_min
Forest_Road_(Port_FitzRoy_-_Whangaparapara),Advanced,13650.04875,175.3815616,-36.20442012,5_hr
Forest_Track,Advanced,2477.083467,168.3565644,-44.77622902,5-6hr
Four_Sisters_Walk,Easiest,586.5608903,173.5339515,-35.60947249,10_min
Fowlers_Pass_Track,Advanced,15362.99521,172.7098096,-42.29894947,5_hr_30_min
Fox_Glacier_/_Te_Ara_o_Tuawe_Valley_Walk,Easiest,1415.750173,170.0375426,-43.48983494,1_hr_return
Franz_Josef_Glacier/Kā_Roimata_o_Hine_Hukatere_Walk,Easy,2575.691201,170.1707624,-43.43359035,1_hr_30_min
French_Pass_Lookout_Track,Easiest,594.7174842,173.8352737,-40.92607571,10_min
French_Ridge_Track,Advanced,16301.71772,168.665947,-44.464451,6_hr_-_7_hr_30_min_one_way
Gabriels_Gully_interpretation_walk,Easy,2220.600758,169.6800505,-45.87853868,
Gentle_Annie_Track,Easy,7091.349772,175.4570725,-40.90338508,3_hr_30_min_-_4_hr_return
George_Sound_Route,Expert,17522.26612,167.5136478,-45.02084995,3-4_days_one_way
Gertrude_Saddle_Route,Expert,4295.590365,168.0148684,-44.7567559,4-6_hr
Gibbs_Hill_Track,Advanced,5736.981769,172.9676533,-40.80686495,
Gibbston_River_Trail,Easy,10808.62116,168.94002,-45.01681517,1_-_3_hr
Gillespie_Pass_Circuit,Advanced,64118.81657,169.0564191,-44.2112604,3_-_4_days
Gillespies_Beach_walking_tracks,"Easy,Advanced",5191.311411,169.8539428,-43.39808943,Various:_5_min_-_3_hr_30_min_return
Glacier_Burn_Track,Advanced,3084.982809,168.3310682,-44.82408174,2_-_4_hr
Glenorchy_Walkway,Easy,4387.660379,168.3896485,-44.84324839,1_-_2_hr
Glenroy_Water_Race_Track,Advanced,4895.490784,168.9231076,-45.0666181,8_hr
Glentui_Loop_Track,Easy,2462.407093,172.2503987,-43.19867596,1_hr
Goat_Island_Walkway__,Easy,1408.041126,174.8031312,-36.27087708,45_min_to_1_hr_one_way
Godley_valley_tracks,Advanced,23572.05438,170.5056321,-43.62197302,8_hr_|_11_hr_one_way
Goldie_Bush_Walkway_,"Easy,Advanced",3580.668925,174.4558047,-36.84748177,2_hr
Gordon_Park_Loop_Track,Easiest,631.219432,175.1003698,-39.91317677,15_min
Government_Track,Advanced,8241.54867,170.0392135,-45.91874626,4_hr_30_min
Grahams_Bush_Track,Easy,2132.356864,170.5788125,-45.80618572,2_hr_30_min
Grandview_Mountain_Track,Advanced,8617.298125,169.343396,-44.632884,4_-_6_hr_return
Grandview_Ridge_Track,Advanced,35591.37812,169.3550531,-44.6823222,
Grays_Bush_Scenic_Reserve_walks,Easiest,1004.34956,177.9598612,-38.59633908,15_min_-_1_hr
Green_Lake_Track,Advanced,18282.31643,167.4578209,-45.80334955,3_or_6_hr_to_hut
Greenstone_and_Caples_tracks,Intermediate,64475.79228,168.2587361,-44.88056347,4_days
Grey_River_Nature_Trail,Easiest,1409.032307,172.5256625,-43.14721282,1_hr_return
Gunns_Bush_Track,Easy,3107.470063,170.9596454,-44.66690682,1_hr_30_min_return
H_Tree_Track,Easiest,1986.44383,176.7031643,-38.63982751,45_min
Hakarimata_Rail_Trail,Easiest,1219.94637,175.129451,-37.68216206,30_min_one_way
Hakarimata_Summit_Track,Easy,1799.642283,175.1332153,-37.66355491,3_hr
Hakarimata_Walkway,Advanced,13629.42119,175.1293887,-37.64328414,7_hr_30_min
Hanging_Valley_Track,Advanced,1691.394418,167.1460883,-45.46904299,2_-_3_hr_return
Hapuakohe_Walkway,Advanced,22265.33349,175.3816537,-37.38269202,1-2_days
Harataonga_area_tracks,Advanced,12591.30799,175.4542453,-36.15889087,30_min_|_4_-_5_hr
Harihari_Coastal_Walkway,Easy,7163.281,170.4234056,-43.04110004,2_hr_45_min
Harman_Pass_Route,Expert,31289.93639,171.4368912,-42.88746611,3_-_4_days
Harper_Pass_Route,Advanced,70946.0483,171.9993148,-42.70045795,4-5_days
Harts_Creek_Track,Easiest,1368.376805,172.3478921,-43.79328857,40_min
Harwoods_Hole_Track,Easy,2612.022193,172.8804171,-40.94422146,45_min_one_way
Hauturu_Highpoint_Track_,Advanced,5487.9848,173.4558185,-35.5233817,5_hr_return
Hawksbury_lagoon_and_beach_walk,Easy,1401.474524,170.6757452,-45.6030432,1_hr_30_min
Heaphy_Track,Intermediate,71926.56678,172.3028297,-40.88644937,4_-_6_days
Helena_Falls_Track,Advanced,1041.256098,167.1685361,-45.47019623,2_hr_return_
Henderson_Tramline_Loop_Track,Advanced,7882.276376,175.9390126,-37.84660619,3_hrs_30_min
Henga_Scenic_Reserve_Walk,Easy,3408.967142,-176.5559907,-43.8521684,1_hr_30_min_|_2_hr_30_min
Heyward_Point_Track,Advanced,4238.058524,170.694016,-45.766098,2_hr
Hideaway_Hut_Route,Expert,2038.63973,169.683398,-44.41296721,2_hr_one_way
Hihikiwi_Lookout,Advanced,5073.265649,175.0787027,-38.00993498,3_-_4_hr_one_way
Hinehopu/Hongis_Track,Easy,3001.665476,176.4977849,-38.0340896,1_hr_30_min
Historic_Haast_to_Paringa_Cattle_Track,Advanced,33217.85311,169.2532123,-43.82328811,3_days
Hokitika_Gorge_Walk,Easiest,609.4229794,171.0180265,-42.95598682,15_min
Holdsworth_-_Kaitoke_Track,Intermediate,46258.31634,175.351379,-40.98370699,3_days
Holdsworth_roadend_to_Powell_Hut/Mount_Holdsworth,Intermediate,10399.49809,175.446205,-40.90177,"Powell_Hut:_5_–_6_hr,_Mount_Holdsworth:_7_–_8_hr"
Hollyford_Track,Advanced,56862.51275,168.0646246,-44.51784236,4_-_5_days
Hollyford_Track:_Hidden_Falls_Track,Advanced,8606.679683,168.1259016,-44.66129377,4_-_6_hr
Homestead_Run,Easy,7033.466636,172.766947,-42.4266744,5_hr
Honeycomb_Rock_Walkway,"Easy,Expert",8305.9267,175.8246168,-41.34659677,5_-_6_hr_return
Hongi_Hika_Walk,Easy,1093.080581,173.9589733,-35.22034056,1_hr
Hook_Bush_Route,Expert,2102.553963,170.9620003,-44.62651421,1_hr_one_way
Hooker_Valley_Track,Easy,4905.811063,170.0942958,-43.71906155,3_hr_return
Hope_valley_(Windy_Point)_tracks_&_routes,"Advanced,Expert",42715.35008,172.2379335,-42.63644176,
Hopkins_valley_tracks,Advanced,38885.85769,169.8240656,-43.96440237,7_-_11_hr_30_min_hr_one_way
Horokaka_Track,Advanced,4562.345007,174.13607,-35.88250511,3_hr_45_min_one_way
Huka_Falls_tracks,"Easiest,Easy",2865.77364,176.0863568,-38.65892803,10_min_|_1_hr_30_min
Humboldt_Falls_Track,Easy,552.5527021,168.1267249,-44.69501715,30_min
Hump_Ridge_Track,Intermediate,45641.02679,167.3755061,-46.1847714,3_days
Hump_Ridge_Track:_Guided_walk,Intermediate,45641.02679,167.3755061,-46.1847714,3_days_/_3_nights
Huriawa_Pā_Walk,Easy,955.5704825,170.668048,-45.63945408,45_min
Hurunui_swingbridge_tracks_&_routes,"Advanced,Expert",47304.20925,172.1599408,-42.69129993,
Hut_Creek_Track,Advanced,2338.225179,168.0302838,-44.90626432,3_hr_to_bush_edge
Huxley_valley_tracks,Advanced,27068.09638,169.8122194,-44.02985055,Up_to_9_hr_one_way
Inland_Track,Advanced,41613.64225,172.9349175,-40.91285787,3_days
Invincible_Gold_Mine_Track,Easy,2252.231112,168.4637123,-44.72790912,3_hr
Iron_Gate_Hut_Track,Advanced,7943.397617,176.0357182,-39.94800817,4_-_5_hr
Isthmus_Peak_Track,Advanced,19048.16548,169.193467,-44.495988,5_-_7_hr
Isthmus_Track,Easiest,1162.419368,176.4560913,-38.24842616,20_min
J.M._Barker_(Hapupu)_National_Historic_Reserve_Walk,Easy,417.1544846,-176.3525828,-43.79964273,20_min
Jacks_Blowhole_Track,Easy,1479.670194,169.7044211,-46.5037751,1_hr
Jacks_Point_Track,Easy,7240.026853,168.7201304,-45.06291386,4_hr
Jackson_Bay_Okahu_walks,Easy,6067.516674,168.6052622,-43.98688424,20_min_-_2_hr
Jollie_Brook_Circuit,"Advanced,Expert",37895.88129,172.3009072,-42.73931857,
Kaharoa_Kōkako_Track,Advanced,1131.947017,176.2986534,-37.94905874,45_min_one_way
Kahikatea_Walk,Easiest,1117.042356,175.6018633,-41.06301524,30_min
Kahikatea_Walk,Easy,1252.186524,175.9082299,-40.08126633,20_min
Kai_Iwi_Lakes_Coastal_Track,"Easy,Advanced",8068.935535,173.596344,-35.79454939,30_min_one_way_|_2_hr_one_way
Kaiaraara_Track_to_Mt_Hobson_(Hirakimata),Easy,4608.746253,175.3937072,-36.18233368,3_-_3_hr_30_min_one_way
Kaihoka_Lakes_Walk,Easy,599.2196408,172.600785,-40.55306425,10_min
Kaikoura_Peninsula_Walkway,Easy,4774.986697,173.6990326,-42.42853613,5_min_-_3_hr
Kaimai_Summit_Loop_Track,Advanced,379.8068377,175.928506,-37.87034285,20_min
Kaimanawa_Road_short_walks,Easy,2280.081638,175.8214401,-39.15157677,20_min_|_30_min
Kaipawa_Trig_Track,Advanced,5309.244224,175.5259542,-36.73599374,1_hr_30_min_to_the_trig
Kairakau_Loop_Track,Easiest,1465.692306,176.8169691,-39.91908712,20_min
Kaitake_Range_walking_tracks,Easy,7073.552007,173.959855,-39.15424099,Various_times_under_5_hr
Kaitoke_Hot_Springs_Track_to_Mt_Hobson_(Hirakimata),"Easiest,Advanced",5759.623173,175.4315615,-36.20812068,45_min_|_4_hr_one_way
Kaituna_Track,Expert,8198.174005,172.5574068,-40.64008928,8-9_hr_or_shorter_walks_from_20_min_to_2_hr
Kaituna_Valley_Packhorse_Hut_Track,Intermediate,3714.458289,172.6945034,-43.71633493,1_hr_20_min
Kaituna_Wetland_Loop_Track,Easy,4496.859226,176.3827481,-37.75314258,1_hr_15_min
Kakepuku_Track,Advanced,3539.196513,175.2577801,-38.07071064,2_-_3_hr_return
Kamahi_Loop_Track,Easiest,445.5105203,174.1217092,-39.30665133,15-30_min_return
Kaniere_Water_Race_Walkway_,Easy,9343.511162,171.1104832,-42.77312276,3_hr_30_min_-_4_hr
Kaniwhaniwha:_Kahikatea_tree,Advanced,7607.803483,175.067986,-37.938631,6_hr_return
Kaniwhaniwha:_Nikau_Walk_and_Kaniwhaniwha_Caves,Easy,4555.813693,175.0800613,-37.93245828,2_hr_30_min_return
Kānuka_Track,Advanced,9720.53566,169.3403525,-44.94573862,5_hr
Kapakapanui_Track,Advanced,10095.85507,175.1383506,-40.91728474,6-8_hr
Kapiti_Island_tracks_and_walks,Easy,9903.076215,174.9316582,-40.8511432,Various_times_under_3_hr
Kapowairua_(Spirits_Bay)_to_Pandora,Easy,17562.7012,172.7835552,-34.45340293,3_hr
Karakariki_Track,Advanced,2298.781026,175.0785623,-37.77352233,20_and_45_mins_one_way
Karamu_Walkway,Advanced,10378.44922,175.0949166,-37.86196673,25_min_to_3_hr
Karangahake_Gorge_Historic_Walkway,Easy,8559.994843,175.7460211,-37.41885919,45_min_or_4_hr_return
Karangahake_Windows_Walk,Easiest,1331.310221,175.7242283,-37.42702509,1_hr
Karangarua_and_Douglas_valleys_routes,Expert,34560.65175,169.8567229,-43.65688693,2_days_+
Karikari_Bay_Walk,Easiest,524.689008,173.3994557,-34.82723525,5_min
Karioi_summit_tracks,Advanced,7347.547056,174.7983744,-37.86898074,2_-_3_hr_30_min_one_way
Kashmir_Road_tramping_tracks,Advanced,9220.037777,176.1420816,-39.93553801,
Kauaeranga_Kauri_Trail_(Pinnacles_Walk),Intermediate,13444.58245,175.689982,-37.05649884,1_-_2_days
Kauri_Block_Track,Easy,1499.878123,175.4887034,-36.75804729,1_hr_30_min_return
Kauri_Bushmans_Walk,Easiest,265.1957755,174.2055828,-36.10168603,15_min
Kauri_Dam_Walk,Easy,320.9138059,174.1284069,-35.8933822,55_min_one_way
Kauri_Loop_Track,Easy,2244.825728,175.1543222,-37.60930561,40_min_|_2_hr
Kauri_Stump_Walk,Easy,59.10019458,173.6282417,-35.23482403,10_min
Kawakawa_Bay_tracks,Easy,15920.06939,175.8650058,-38.63830494,2_hr_|_3_hr
Kawatiri_Historic_Railway_Walk,Easiest,1016.771432,172.6169847,-41.69061454,20_min
Kaweka_Road_tramping_tracks,Advanced,8347.077785,176.4001173,-39.28251185,
Kaweka_Road_walks,Easiest,6503.694659,176.4159266,-39.30764082,
Kea_Basin_Track,Advanced,3131.196416,168.452662,-44.62401,8_-_10_hr_return
Kelceys_Bush_tracks,Easy,1216.877778,170.9648717,-44.69851924,20_min_one_way_|_40_min_one_way
Kelly_Knight_Hut_Track,Advanced,2781.15302,176.0409845,-39.8410076,2_hr_30_min_-_3_hr_30_min
Kepler_Track,Intermediate,60211.4503,167.5749756,-45.45147182,3-4_days
Kepler_Track:_Carpark_to_Dock_Bay_and_Brod_Bay,Easy,4724.552232,167.6842887,-45.42079562,1-3_hr_return
Kepler_Track:_Carpark_to_Luxmore_Hut,Intermediate,12956.8928,167.6524,-45.40740052,8-10_hr_return
Kepler_Track:_Carpark_to_Rainbow_Reach,Intermediate,9613.075863,167.6838923,-45.46797012,2.5_hr_one_way
Kepler_Track:_Rainbow_Reach_to_Shallow_Bay_or_Moturau_Hut,Intermediate,15603.60735,167.6827234,-45.46948876,3_-_3_hr_30_min_return
Kerikeri_River_Track,Easy,4178.762301,173.9522514,-35.21686631,1_hr_30_min
Ketetahi_Track,Intermediate,5976.806982,175.6512232,-39.09008067,4_-_5_hr
Kidds_Bush_Nature_Walk,Easiest,914.8401535,169.2629773,-44.43978486,30_m
Kiko_Loop_Track,Easy,3421.535853,175.9982059,-39.02072115,1_hr_-_1_hr_30_min
Kiriwhakapapa_Loop,Easy,2108.03821,175.5413607,-40.81115051,30_min
Kirwans_Track_and_Waitahu_Valley,"Advanced,Expert",24199.29326,171.969911,-42.08878012,2-3_days
Knights_Track_to_Pohangina_Valley_East_Road,Advanced,17462.07339,176.0257461,-39.9907306,3_days
Knights-Shorts_Loop_Track,Advanced,11422.09776,176.0287095,-39.99555939,8_-_10_hr
Knuckle_Hill_Track,Advanced,4557.861652,172.5518639,-40.63409605,1_hr_20_min
Kohekohe_Walk,Easiest,1023.483485,175.077648,-40.87786801,30_min_return
Kororipo_Pā_Historic_Walk,Easy,851.9562433,173.963922,-35.21883242,20_min
Kumeti_Road_End_tramping_tracks,Advanced,13635.61132,175.9287382,-40.17379996,
Kuripapango_tramping_tracks,Advanced,24560.20694,176.3921404,-39.34067608,
Lake_Alta_Track,Advanced,1195.007303,168.8168876,-45.05986931,1_hr_30_min
Lake_Benmore_area_tracks_,Easy,9112.758816,170.0530523,-44.55172092,1hr_30_min_-_2_hr
Lake_Chalice_Hut_tracks,Advanced,8349.120626,173.3213056,-41.56791843,1_hr_to_hut_|_2_hr_30_min_loop_from_hut
Lake_Christabel_tracks,Advanced,45555.45858,172.1396012,-42.48389525,2-3_days
Lake_Clearwater_tracks,"Easy,Advanced",12052.9546,171.049008,-43.59799187,Various_times:_3_-_8_hr_return
Lake_Daniell_Track,Intermediate,7945.422393,172.2517406,-42.32432015,3_hr
Lake_Dispute_to_Moke_Lake_Track,Easy,8626.428334,168.5542845,-45.03623844,3_-_4_hr_one_way
Lake_Dispute_Track,Easy,2847.839102,168.5470648,-45.05585505,1_hr_30_min_return
Lake_Dive_Hut_tracks,Advanced,12865.57732,174.0826989,-39.32766378,7–8_hr_
Lake_Emily_tracks,Advanced,50820.66208,171.2529052,-43.49158609,Various_times
Lake_Emma_to_Lake_Camp_Track,Advanced,5896.98807,171.080694,-43.63308857,3_hr_one_way
Lake_Gunn_Nature_Walk,Easiest,1283.266501,168.0828436,-44.89367366,45_min
Lake_Hauroko_Lookout_Track,Advanced,3075.526539,167.3688507,-45.98410746,4_hr_return
Lake_Hauroko_to_Teal_Bay_Hut_Track,Advanced,15846.51441,167.3357432,-46.0265057,9_hr
Lake_Hauroko_Track,Easy,1735.127961,167.3872678,-45.9919314,40_min_return
Lake_Hāwea_Track,Advanced,20736.32701,169.43331,-44.341489,10_-_12_hr
Lake_Hayes_Walkway,Easy,7182.795558,168.801464,-44.979611,2_-_3_hr
Lake_Heron_tracks,Easy,7210.901524,171.2073432,-43.4810819,10_min_|_45_min_|_1_hr_|_3_hr_one_way
Lake_Kaitawa_Fairy_Springs_Track,Advanced,1520.406158,177.1343899,-38.80154578,1_hr
Lake_Kaniere_short_walks,Easiest,1721.1847,171.1470638,-42.80198498,2_min_-_15_min
Lake_Kaniere_Walkway,Easy,10076.01077,171.1341583,-42.84288394,4_hr
Lake_Kaurapataka_Route,Expert,4847.137714,171.6845182,-42.78427938,6-7_hr_over_1-2_days
Lake_Marian_Falls_Track,Easy,338.6514663,168.1021294,-44.80697599,20_min
Lake_Marian_Track,Advanced,2659.286116,168.0924929,-44.79997213,"20_min_return_to_falls,_3_hr_return_to_lake"
Lake_Matheson_/_Te_Ara_Kairaumati_Walk,Easiest,3579.641885,169.9701145,-43.44698556,1_hr_30_min
Lake_Mistletoe_Track,Easy,512.828967,167.8236783,-45.20097449,45_min
Lake_Monowai_Peninsula_Lookout_Track,Easiest,1196.371604,167.5174805,-45.81604691,30_min_return
Lake_Ngatu_Track,Easy,3348.688945,173.1962236,-35.03271511,1_hr
Lake_Ohau_area_tracks,Advanced,47730.30044,169.8642593,-44.2875036,Various_times
Lake_Ohia_Gumhole_Reserve_Walk,Easy,208.2829124,173.3803554,-34.96730613,10_min
Lake_Okataina_tramping_tracks,Advanced,10900.69167,176.4225639,-38.11987294,Various:_40_min_-_3_hr_one_way
Lake_Peel_tracks,Advanced,10455.38192,172.6163082,-41.15864427,2_hr_30_min_one_way
Lake_Pukaki_area_tracks,"Easiest,Expert",4490.586857,170.112076,-44.14603,Various:_10_min_-_2_hr_one_way
Lake_Rere_walk,Easy,8877.984689,168.3221325,-44.95008354,4_-_6_hr
Lake_Rotoiti_Circuit,Advanced,17673.36408,172.8329311,-41.84212193,7-10_hr
Lake_Rotoroa_walking_tracks,Easy,3581.129057,172.5947346,-41.80248528,25_m_-_3_hr
Lake_Roxburgh_Walkway,"Easy,Advanced",9380.188402,169.3668504,-45.29580625,7_hr
Lake_Sylvan_Track,Easy,4991.564867,168.3219562,-44.71534662,1_hr_40_min
Lake_Tekapo_town_tracks,Advanced,12069.2054,170.4712372,-43.99144337,Various:_1_hr_30_min_-_3_hr
Lake_Tutira_tracks,"Easiest,Easy",11381.3241,176.9083907,-39.22200812,20_min_/_2_or_5_hr
Lake_Waikareiti_Walk,Easy,3202.751831,177.1638557,-38.73384968,2_hr
Lake_Waikaremoana,Intermediate,46597.11962,177.0254011,-38.7524758,3_-_4_days
Lake_Waikaremoana:_Panekire_Bluffs,Intermediate,8541.816468,177.0842105,-38.79216788,1-2_days
Lake_Wombat_Walk,Easy,1779.514697,170.1724691,-43.40765308,1_hr_30_min
Langsview_Track,Easy,6615.106948,174.5351628,-36.0668377,3_hr
Lawrence_Road_tramping_tracks,Advanced,5330.237851,176.4465665,-39.35409581,
Leatham_Molesworth_Route,Expert,26891.52866,173.1213524,-41.94156088,4_-_5_days
Leitchs_Track,Intermediate,9030.798372,174.796649,-38.41450833,6_hr_return
Leith_Saddle_Track,"Easy,Advanced",2711.532018,170.5002927,-45.80110857,3.5_hr
Leslie-Karamea_Track,Advanced,125082.131,172.4395031,-41.31655782,6_-_9_days_one_way
Lewis_Pass_-_Waiau_Pass_-_Blue_Lake_Route,Expert,64823.67753,172.5426321,-42.27866083,4_-_5_days
Lewis_Tops_Track,Advanced,2606.857454,172.3893684,-42.37968543,1.5_hr_one_way
Leyland_OBrien_Tramline_Track,Advanced,5998.892634,175.958477,-37.78105404,2_hr_one_way
Lighthouse_Walk,Easiest,523.2183166,176.2310942,-40.90082806,30_min_return
Lindemann_Loop_Track,Advanced,9743.614004,175.8579412,-37.53749589,5_hr
Lindis_Valley_tracks,Advanced,55576.36053,169.599108,-44.775114,3_-_15_hr_return
Little_Manganuku_Track_,Advanced,2946.382344,177.3881146,-38.27966379,2_hr_30_min_one_way
Little_Mt_Peel/Huatekerekere_tracks,Advanced,8336.147289,171.2276831,-43.89618696,4–7_hr_return
Liverpool_Track,Advanced,14470.68136,168.665947,-44.464451,5_hr_30_min__-_6_hr_30_min_one_way
Lodestone_summit,Advanced,6795.572896,172.7417627,-41.18144045,4_-_5_hr_return
Londonderry_Rock_Walk,Easiest,225.4752594,171.1924691,-42.64755518,10_min
Long_Beach_Walk,Easy,742.1236204,170.6484399,-45.75595154,1_hr_30_min
Long_Gully_Loop_Track,Advanced,10106.14908,169.1271723,-45.08361896,3-4_hr
Lookout_Track,Advanced,1800.777645,173.5643664,-35.65677173,1_hr
Lotkow_Road_to_Littles_Clearing,Advanced,6992.850742,176.4399728,-39.30059241,3_-_4_hr_one_way
Lower_Wye_Creek_Track,Advanced,3330.867075,168.772812,-45.137258,4_hr
Macaulay_Hut_Track,Advanced,18213.47197,170.6249129,-43.65347115,5_hr_one_way
Maharahara_Peak_Track,Advanced,5157.016486,175.9029092,-40.16714651,4-6_hr
Mahia_Peninsula_Scenic_Reserve_Track,Advanced,3752.150139,177.8797722,-39.12576254,2_hr_30_min
Mahinapua_short_walks,Easiest,2700.667084,170.9047506,-42.7912584,10_min_-_30_min
Mahinepua_Peninsula_Track,Easy,2717.697436,173.8506275,-34.99448563,1_hr_one_way
Mahoenui_Track,Advanced,11422.56164,174.802487,-38.47091454,8_hr_
Main_Ridge_Track,Advanced,7281.561448,174.126152,-35.88299461,2_-_3_hr_one_way
Maitai_Bay_Headland_Track,Advanced,1653.258903,173.412972,-34.82165351,1.5_hr
Makahu_Road_tramping_tracks,Advanced,23591.26398,176.426637,-39.22722726,
Makara_Walkway,Advanced,3819.053757,174.6974167,-41.22388459,
Makarora_Valley_Track,Advanced,10578.06316,169.3861729,-44.13735517,5-7_hr_one_way
Maketawa_Hut_Circuit,Advanced,6748.889579,174.0917839,-39.27889993,3_hr_return
Mananui_Tramline_(Mahinapua_Walkway),Easy,6626.440976,170.9327698,-42.78359637,2_hr_-_2_hr_30_min
Manawatu_Gorge_Loop_Track,Easiest,879.9340234,175.8166568,-40.33970609,15-30_min
Manawatu_Gorge_Track,Easy,8425.969103,175.8025403,-40.3249416,3_-_5_hr_one_way
Mangahao_Makahika_Track,Advanced,12791.54386,175.4346755,-40.62498796,"6_-_7_hrs_going_south,_7-_8_hrs_going_north"
Mangahorehore_Track,Advanced,4525.194931,173.7170601,-35.20064991,2.5_hr
Mangakara_Nature_Walk,Easiest,1207.195197,175.1480061,-37.96794879,1_hr_
Mangakawa_Track,Advanced,2992.429545,177.8007948,-38.98481859,2_hr_30_min
Mangamuka_Tramping_Track,Advanced,18031.48081,173.4255143,-35.20931934,9-10_hr
Manganuku_Track,Advanced,8296.727692,177.4080337,-38.278097,3-4_hr_one_way
Mangaone_Caves_Track,Easy,574.4098989,177.7218936,-38.99058227,20_min_one_way
Mangaone_Walkway,Easy,6844.789438,175.1528488,-40.85931346,3_hr
Mangaotaki_Walk,Easy,993.3457423,174.9338176,-38.45765091,30_min
Mangapohue_Natural_Bridge_Walk,Easiest,859.1720623,174.900665,-38.26026375,20_min
Mangapumarumaru_Track,Advanced,5626.008929,177.3090691,-38.17040607,3_-_4_hr_one_way
Mangapurua/Kaiwhakauka_Track,Advanced,50184.49056,175.0594476,-39.2073007,2_-_3_days
Mangatoa_Track,Advanced,7433.465484,174.7485405,-38.43029922,8_hr_return
Mangaweka_Scenic_Reserve_Track,Easy,1660.45584,175.7799658,-39.80990092,1_hr
Mangawhai_Cliffs_Walkway,Easy,6589.686604,174.5973201,-36.08109783,2-3_hr
Manginangina_Kauri_Walk,Easiest,285.8333245,173.7997825,-35.19879024,15_min
Mangleton_Road_to_Parks_Peak_Ridge,Advanced,7260.622087,176.255891,-39.66932113,2_-_3_hr_one_way
Mangorewa_Track,Expert,7858.156653,176.1531814,-37.97136191,5_hr_30_min_return
Manuherikia_River_Tracks,Advanced,7410.269228,169.8529017,-44.65842369,Various_times_around_6_hr
Manuka_Bay_Track_(Port_Robinson_Walkway),Intermediate,3569.134806,173.298376,-42.89784062,1_hr_45_min
Manuoha_to_Waikareiti_Track,Advanced,44224.98397,177.150494,-38.70923722,3_days
Mapara_Track,Advanced,2415.457998,175.243478,-38.53420482,1_hr
Mapoutahi_Track,Easy,207.0615346,170.6163904,-45.73543955,45_min
Maratoto_-_Golden_Cross,Easy,3432.070434,175.7712024,-37.317907,1_hr_45_min
Maratoto_-_Wentworth_Crossing_,Advanced,9481.501485,175.7814129,-37.26116627,5_hr_one_way
Marawaiwai_Track,Easy,643.2784105,177.310239,-38.07897202,20_-_30_min_loop
Marokopa_Falls_Walk,Easiest,372.0776642,174.8491785,-38.26052732,20_min
Marsden_Cross_Track,Easy,1807.070041,174.0909565,-35.16835495,40_min
Martins_Bay_Track,Easiest,253.6634487,173.3711868,-35.5363898,5_min_one_way
Maryburn_Stream_Track,Advanced,6753.046451,170.3296148,-44.20642262,2_hr
Masters_Shelter_to_Golden_Crown_Ridge,Advanced,4047.873045,176.3006879,-39.62729289,2_-_3_hr_one_way
Matai_Falls_Walk,Easiest,565.4305424,169.4859153,-46.5040545,30_min
Matamataharakeke_Track,Advanced,6381.780252,175.5316596,-36.61945307,3_hr
Matemateāonga_Track,Advanced,35089.00364,174.8585441,-39.34062725,3_-_5_days
Matietie_Walk,Advanced,3070.054227,174.9901592,-36.77734161,55_min
Matiri_Valley_and_1000_Acre_Plateau_tramping_tracks,"Advanced,Expert",39179.12611,172.3574563,-41.6065422,
Matiu/Somes_Island_Bullock_Track,Easy,143.563654,174.866523,-41.25596885,10_min
Matiu/Somes_Island_gun_emplacements_track,Easy,368.7750957,174.8661365,-41.25948258,30_min_return
Matiu/Somes_Island_Loop_Track,Easy,2028.361376,174.8639019,-41.2575768,40_min
Maungakawa_Scenic_Reserve_Loop_Walk,Easiest,1141.356448,175.5311852,-37.86209854,30_min
Maunganui_Bluff_Track,"Easy,Advanced",8080.601307,173.5559909,-35.74618454,1_hr_30_min_to_Maunganui_Bluff_|_5_hr_to_Waikara_B
Maungauika/North_Head_Historic_Walk,Easiest,2527.673089,174.812052,-36.82756142,1_hr_one_way
Mavora_-_Greenstone_Walkway,Advanced,29961.84823,168.2411748,-45.02396173,4_days
McKinnon_Hut_Track,Advanced,6282.255202,176.0652891,-39.77318992,8_-_10_hr
McLean_Falls_Walk,Easiest,1005.548485,169.3494587,-46.57160009,40_min
Meeting_of_the_Waters_Scenic_Reserve_walks,Easiest,1564.178204,174.115465,-39.10274143,
Melina_Ridge_Track_,Advanced,4761.84375,169.5808408,-44.45948767,8_-_10_hr
Mid_Pohangina_Hut_Track,Advanced,5799.115878,176.0087807,-40.05337954,5_-_7_hr
Middle_Ridge_Track,Easy,1313.942264,174.9366431,-41.34564582,1_hr
Mikonui_Catchment_-_Dickie_Ridge/Upper_Tuke_River_Route_,"Advanced,Expert",13722.50858,170.870781,-43.04411566,2-3_days
Milford_Foreshore_Walk,Easiest,608.5744083,167.9239588,-44.67151848,30_m
Milford_Sound_Lookout_Track,Easy,100.4951503,167.9281778,-44.67278458,20_min
Milford_Track,Intermediate,53855.50795,167.7856204,-44.81353592,4_days
Minaret_Burn_Track,Easy,21981.64177,169.0414483,-44.54781868,
Minchin__Pass_Route,Expert,41029.96064,171.8607645,-42.89424765,3_-_4_days
Mingha_-_Deception_Route,Expert,23692.26536,171.6165551,-42.88400405,2_-_3_days
Minnehaha_Walk,Easiest,448.4183459,170.01791,-43.46884789,20_min
Mirror_Lakes_Walk,Easiest,183.4257357,168.010272,-45.02987184,10_min
Mistake_Creek_Track,Advanced,4330.657313,168.0442592,-44.89457319,3_hr_to_bush_edge
Mitre_Flats_Track,Advanced,8045.104635,175.4860592,-40.85675301,8_-_9_hr_return
"Moanui,_Koranga,_Tawa_Track",Advanced,24114.61161,177.2781492,-38.41366129,2_-_3_days
Moeraki_Boulders_Walk,Easiest,384.1486287,170.826236,-45.34631272,10_m
Moeraki_Valley_Track,"Advanced,Expert",13992.94903,169.4002728,-43.80624603,2+_days
Moerangi_Track,Advanced,30498.60967,176.7259072,-38.71496293,2-3_days
Mohi_Bush_Scenic_Reserve_walks,Easiest,3177.238835,176.9023929,-39.85838826,30_min/1_hr
Moirs_Hill_Walkway_,"Easiest,Advanced",7801.865219,174.6294504,-36.46547246,
Mokaihaha_Track,Advanced,5354.836152,176.082199,-38.18631469,2_hr
Moke_Lake_Loop_Track,Easy,4897.245761,168.5668418,-45.00450413,2_-_3_hr
Moki_Track,Advanced,18033.94445,174.6821524,-38.97578423,8_hr
Mokoroa_Falls_Track,Easy,1345.922763,174.47424,-36.84126,40_min_one_way
Mokoroa_Stream_Track_,,3741.219226,174.4652588,-36.84250676,2-3_hr_one_way
Molesworth_Station_tramping_tracks,Advanced,10599.10816,173.2014298,-42.09420296,10_min_-_2_hr
Monckton_Walkway,Easiest,432.1570438,176.2832869,-39.96495394,1_hr_30_min_-_2_hr
Monument_Track,Advanced,847.9450083,167.5425042,-45.57469771,1.5_-_2_hr_return
Moonlight/Croesus_Route,Expert,11751.04192,171.387958,-42.26524571,4_hr
Moonlight_Pack_Track,Easy,6037.848708,171.4388021,-42.26327373,2_-_3_hr_one_way
Moraine_Creek_Route,Expert,4310.939605,168.1033733,-44.70108755,"7-9_hr_to_lake,_9-11_hr_to_bivvy_rock"
Moraine_Walk,Easiest,590.2522019,170.0241249,-43.48463634,30_min
Morepork_Track,Advanced,3995.522639,174.3958874,-35.47320545,2_hr
Motatapu_Track,Advanced,32435.53602,168.903288,-44.776573,3_-_4_days
Motuara_Island_Lookout_Track_,Easy,744.4286724,174.2736441,-41.09548344,30_min_one_way
Motuarohia_(Roberton)_Island_Track,Easy,310.0839589,174.1668331,-35.2318329,15_min
Motukawanui_Island_Track_,Easy,3808.872839,173.9437527,-34.9979248,1_hr_50_min
Motukiore_Island_Walk,Easy,2553.998415,174.4377133,-35.78724078,1_hr_30_min
Motuoapa_Cliff_Lookout_Walk,Easiest,414.7134115,175.8750084,-38.93407312,20_min
Motuora_Island_walks,Easy,3222.047277,174.7923137,-36.50569392,1_-_2_hr_return
Moturua_Island_Track,Easy,4036.884872,174.193144,-35.22168122,2.5_hr
Motutapu_Walkway,Expert,8290.61593,174.9141637,-36.78243191,Various:_1_-_1_hr_30_min
Motutara_Recreation_Reserve_Walk,Easy,1737.533055,174.4719984,-35.51178864,2_hr
Mount_Adams_Route,Expert,6119.335294,170.464692,-43.24497811,2_days
Mount_Arthur_summit,Expert,7876.351051,172.705294,-41.20338171,3_hr_30_min_-_4_hr_30_min_one_way
Mount_Auckland_Atuanui_Walkway_,Advanced,6113.189223,174.44655,-36.45021,1_hr_45_min_to_the_summit_one_way
Mount_Barrosa_Track,Advanced,3284.209167,171.22407,-43.63237,2_hr_30_min_one_way
Mount_Damper_Falls_Walk,Easiest,739.8661021,174.7842222,-38.92231751,30_min
Mount_Damper_to_Te_Rerepahupahu_Falls_track,Advanced,12034.49501,174.8270064,-38.90876074,7_hr_30_min_-_9_hr
Mount_Fox_Route,Expert,3425.299664,169.9976635,-43.49087334,8_hr_
Mount_Hikurangi_-_Te_Ara_ki_Hikurangi,Advanced,1925.027227,178.0542855,-37.91284754,7_hr_one_way
Mount_Iron_Track,Easy,4399.689845,169.1615751,-44.69207779,1_hr_30_min
Mount_Manaia_Track,Easy,1823.821482,174.5099989,-35.8209877,2_hr
Mount_Messenger_to_Kiwi_Road_Track,Advanced,8915.38282,174.6259033,-38.92236085,6_hr_30_min
Mount_Messenger_to_Whitecliffs_Walkway_Track,Advanced,5442.775039,174.5817492,-38.88475801,5_hr_30_min
Mount_Robert_Circuit,Advanced,7458.636545,172.8212641,-41.82715527,5_hr_return
Mount_Shrimpton_Track,Advanced,3609.945148,169.2441731,-44.23503459,5_hr_return_to_bush_edge
Mount_Somers_summit,Advanced,5057.79235,171.398521,-43.63211637,5_hr_one_way
Mount_Somers_Track,"Intermediate,Advanced",31941.65681,171.366957,-43.60710565,2_days
Mount_Stokes_Track,Advanced,3322.526724,174.1196,-41.08683013,Half_day
Mount_Sunday_Track,Easy,1506.17244,170.8990708,-43.54596079,30_min_one_way
Mount_Taranaki__Summit_Track,"Advanced,Expert",5594.724404,174.0832818,-39.2878218,_Up_5-6_hr;_down_3-4_hr
Mount_Tuhua_Track,Advanced,3501.13849,171.1732976,-42.81448126,7_hr
Mount_Tutamoe_Track,Advanced,3033.862384,173.8136766,-35.75077303,3_hr_one_way
Mount_William_Walkway,Advanced,4442.895923,175.02293,-37.20805,
Mt Patriarch_Route,Expert,7664.465309,173.2522233,-41.59722931,5–6_hr_one_way
Mt_Burns_Tarns_Track,Advanced,385.910448,167.3810152,-45.74730919,45_min_return
Mt_Crichton_Loop_Track,Easy,6391.746569,168.5355438,-45.05491841,2-4_hr
Mt_Fishtail_Route,Expert,7933.766109,173.5056117,-41.4748009,5_hr_40_min_to_hut
Mt_Fyffe_and_the_Seaward_Kaikoura_Range,"Easy,Expert",23132.58858,173.5973413,-42.29721608,45_min_-_3_days
Mt_Grey/Maukatere_tracks,"Easy,Advanced",11910.91063,172.5354499,-43.12821582,
Mt_Holdsworth_-_Jumbo_Circuit,Intermediate,21310.19161,175.4491715,-40.88101185,12_hr
Mt_Judah_/_Heather_Jock_Tracks,"Intermediate,Advanced",10064.11416,168.4210331,-44.85152524,2_-_3_hr_one_way_|_3_-_4_hr_30_min_one_way
Mt_Matthews,Advanced,11355.99745,174.9719147,-41.34013975,10_hr
Mt_McIntosh_Loop_Track,Advanced,12388.4671,168.4352389,-44.84647221,8-10_hr_return
Mt_McKerrow,Advanced,18841.85081,174.9600265,-41.32522289,6_hr_return
Mt_Ngongotaha_Jubilee_Track,Easy,1742.938067,176.1894163,-38.12401263,1.5_hr_one_way
Mt_Ngongotaha_Nature_Loop_Track,Easiest,2906.446714,176.1870204,-38.12754721,1_hr
Mt_Nimrod_Track_,Advanced,3647.234821,170.869203,-44.43331313,2_-_3_hrs
Mt_Owen_tracks_and_routes,"Advanced,Expert",15759.75604,172.5636692,-41.5232872,"Northern_access:_9_hr,_Southern_access_7_hr"
Mt_Oxford_tracks,Advanced,10767.32762,172.0797786,-43.24060616,8_hr
Mt_Richardson_tracks,Advanced,15536.58578,172.2586075,-43.18310895,4–6_hr_return
Mt_Richmond_routes,Expert,23834.83814,173.423693,-41.48115702,2_days
Mt_Sunday/Mt_Riley_Track,Advanced,11762.16636,173.6925369,-41.42591451,8_hr_return
Mt_Tamahunga_Walkway_,Advanced,2529.837539,174.7150421,-36.30713854,1_hr_30_min_one_way_to_summit_or_3_hr_30_min_one_w
Mt_Thomas_tracks,Advanced,14868.58282,172.3372133,-43.17518047,4–7_hr
Mt_Urchin_Track,Advanced,3222.734944,175.8415679,-39.1653905,3_-_4_hr
Mueller_Hut_Route,Advanced,6546.7839,170.0872529,-43.71916552,4_hr_one_way
Munro’s_Gully_Track,Advanced,1842.645413,169.6747116,-45.86896978,
Muriwai_Walk,Easy,5618.762537,175.3565523,-36.47737605,2_hr
Nancy_Fladgate_Track,Easy,514.5136897,174.1167696,-35.25481168,15_min
Nature_Trail,Easy,751.2945047,171.3018697,-43.62694102,30_min_one_way
Nelson_Creek_walks,Easiest,3597.770111,171.5265741,-42.40156901,20_min_-_1_hr_30_min
Nevis_Valley_tracks,Advanced,18593.83517,168.9647944,-45.15107353,Various_times_over_4_hr_return
Nga_Taonga_Nature_Walk,Easy,1190.301175,174.9241203,-41.34988879,45_min_one_way
Ngamarama/Te_Tuhi_Track,Advanced,11147.90657,175.9084942,-37.76051193,6_hr
Ngamoko_Track,Advanced,7343.304934,177.160335,-38.78318342,5_-_7_hr_30_min
Ngamuwahine_Track,Easy,3764.403177,175.9785101,-37.79737147,1_hr_30_min_one_way
Ngapuketurua_Track,Advanced,6300.462291,176.0147802,-39.04241818,4-5_hr_one_way
Ngutuoha_Nature_Trail_,Easiest,1793.448185,177.119788,-38.344263,1_hr
Nikau_Bush_Conservation_Area_Walk,Easy,732.4287207,-176.5729084,-43.76177827,1_hr
Nikau_Flat_and_Kotepato_Tracks,Advanced,4937.509983,177.3053539,-38.34394234,1-2_days
Nina_valley_tracks_and_routes,"Advanced,Expert",27872.07404,172.3319627,-42.46421537,
No.1_Line_tracks,Advanced,2161.883617,175.8779473,-40.18707968,2_-_3_hr
No_Mans_Road_area_tramping_tracks,Advanced,17135.07729,176.286926,-39.54858412,
North_Block_Road_tramping_tracks,Advanced,5392.492368,176.1792669,-39.82187294,
North_Block_Road_walks,Easiest,1637.762453,176.1956974,-39.79823037,
North_Borland_Track,Advanced,9004.641979,167.4965809,-45.72059096,6_-_8_hours_to_hut
North_Egmont_short_walks,Easiest,5921.0808,174.1083856,-39.25751982,Various_times_under_1_hr
North_Egmont_tramping_tracks,Advanced,19281.6589,174.094718,-39.27099265,Various_times
North_West_Circuit_Stewart_Island/Rakiura,Advanced,119965.7442,167.9106115,-46.86731301,9_-_11_days
Northern_Tangihua_Track,Advanced,9829.441473,174.1180332,-35.86863066,2_-_3_hr_one_way
North-South_Track,Expert,74534.37081,175.8448043,-37.64857463,5_-_7_days
Nugget_Point/Tokata_walks,Easiest,869.43186,169.8103797,-46.4463167,Various_times_under_40_min
"Nydia_Track,_Marlborough_Sounds",Advanced,24559.71717,173.7769119,-41.16881846,9.5_hr
Ocean_Beach_tracks,Easiest,1640.837209,168.1739791,-46.97125097,1_hr
Ohakune_area_tramping_tracks,Advanced,9926.516904,175.4995263,-39.3314996,4_or_5_hr_return
Ohakune_Old_Coach_Road,Easy,11431.99364,175.3845873,-39.37513706,4_hr_30_min_walk
Ohau_Stream_Walk_-_closed,Easiest,276.5775809,173.8301123,-42.24422334,10_min
Ohinetonga_Track,Easy,4208.456849,175.3923034,-38.9927282,2_hr
Okareka_Mistletoe_Walk,Easiest,137.8693219,176.346294,-38.1753034,10_mins
Ōkārito_walking_tracks,"Easiest,Easy",5603.080693,170.1436093,-43.2290026,20_min_-_3_hr_30_min
Okere_Falls_Track,Easiest,1394.428578,176.3436812,-38.01083218,30_min_one_way
Okitu_Bush_Scenic_Reserve_Walk,Easiest,589.5379086,178.100482,-38.66446304,30_min
Okiwi_Bay_-_Half_Moon_Bay_Track,Advanced,16454.82476,173.8275177,-42.2360409,6_hr_|_2hr
Okiwi_Bay_Lookout_Walk,Easy,570.6013386,173.8609415,-42.21528362,10_min_one_way
Okupata_Caves,Easy,140.4723515,175.5209151,-39.04176388,
Okura_Bush_Walkway,Easy,9219.143209,174.72678,-36.65544,
Old_Doubtful_Sound_Track,Advanced,1151.120832,167.1700337,-45.47892229,3_hr_return
Old_Man_Hut_Circuit,Advanced,22819.93446,173.2979226,-41.5464965,2_days
Old_Maori_Trail,Advanced,4960.77004,177.1483505,-38.7918532,2_hr
Omahuta_Kauri_Sanctuary_Walk,Easy,719.6814706,173.6275539,-35.23992101,30_min
Omaru_Falls_Walk,Easy,1696.989448,175.1639792,-38.52462111,1_hr
Onekura_Track,Advanced,7121.889574,173.7257538,-35.19478429,1_hr_one_way
Onepoto_Caves_Track,Advanced,604.359229,177.1237763,-38.79588002,2_hr
Opapaka_Pā_Walk,Easy,832.2713822,175.123615,-38.26221999,20_min_one_way
Opepe_walks,Easiest,4305.382387,176.212247,-38.7656267,30_min_or_1_hr
Opera_Point_Walk,Easiest,1362.962096,175.6235208,-36.72096877,15_min_
Opouri_Bridle_Track,Easy,4212.215412,173.7430148,-41.12831111,1_hr
Opua_Kauri_Walk,Easy,386.1580429,174.0718331,-35.31995421,30_min_return
Orari_Gorge_Track,Easy,2690.014668,171.1798722,-43.98365418,1_hr_30_min
Orokawa_Scenic_Reserve_short_walking_tracks,Easy,9245.908682,175.9323466,-37.38015759,Various_times_under_4_hr
Orokonui_lagoon_walk,Easy,1112.902843,170.5887589,-45.75772721,1_hr
Oromahoe_Traverse,Intermediate,5209.607188,174.074665,-35.30662035,2_hr_30_min_one_way
Orongorongo_Track,Easy,4821.924975,174.9531122,-41.34192405,2_hr_one_way
Oruatua_walks,Easy,2249.252265,175.8976195,-38.9107737,30_-_50_min
Otago_Central_Rail_Trail,Easy,37031.84389,169.7357219,-45.05353966,
Otaika_Valley_Walk_,Easy,4595.580285,174.2859013,-35.76358832,2-3_hr_one_way
Otaki_Forks_short_walks_,Easy,7792.587138,175.2224779,-40.88257374,40_min_–_2_hr_depending_on_route
Ōtamahua/Quail_Island_tracks,"Easiest,Easy",5605.521042,172.6926613,-43.62792428,2_hr_30_min_for_complete_island_circuit
Otanewainuku_walking_tracks,Easy,6838.892009,176.2083073,-37.8897236,Various_times_under_2_hr
Otatara_Pā_Historic_Reserve_Walk,Easiest,1816.320526,176.8299482,-39.54858359,45_min_one_way
Otawa_Reservoir_Track,Advanced,15962.11912,176.2466755,-37.80015673,15_min_one_way
Otawa_Trig_Track,Advanced,15962.11912,176.2466755,-37.80015673,4_hours_return
Otoko_Walkway,Easy,6927.602538,177.7000468,-38.46869898,2_hr_30_min
Ōtukaikino_Walk,,1028.604139,172.6441112,-43.43320751,
Outram_Glen_to_Lee_Stream_Walk,Easy,1873.107038,170.2504983,-45.84463838,3_hr
Oxenbridge_Tunnel_Track,Easy,587.9502893,168.6664099,-44.98327853,20_min
Pā_Road_Walk,Easiest,851.9562433,173.963922,-35.21883242,5_min_one_way
Paengaroa_Scenic_Reserve_Walk,Easiest,116.0999774,175.723153,-39.64795928,10_min
Paihia_School_Road_Track,Easy,1334.950782,174.0833921,-35.28901495,1_hr
Pakihi_Track,Intermediate,18298.43003,177.4613414,-38.15785525,6_-_7_hr
Pakihi_Walk,Easiest,487.7232172,170.2063326,-43.24879289,30_min
Pakotai_Track_,Easy,81.69025743,173.8575231,-35.71514731,10_min_return
Pancake_Rocks_and_Blowholes_Walk,"Easiest,Easy",975.8485552,171.3275657,-42.11516818,20_min
Pandora_to_Tapotupotu_Bay,Easy,17562.7012,172.7835552,-34.45340293,5_hr_30_min
Papa_Aroha_Walk,Easiest,484.7834673,175.4310751,-36.69918958,40_min_return
Papaitonga_Scenic_Reserve_walks,Easiest,1426.186743,175.2325144,-40.64655285,10_min_|_20_min
Papatahi_Crossing,Advanced,20543.11825,175.0473499,-41.31867498,12_hr
Papatowai_walks,Easy,3646.434771,169.4732921,-46.56424565,40_min_-_1_hr
Parapara_Peak,Expert,7930.135037,172.6976719,-40.83906302,5_hr_one_way
Parata_Walking_Track,Easy,2710.364696,175.0813241,-40.87905906,1_–_2_hr_return
Pass_Creek_Track,Advanced,2558.600217,168.1311919,-44.80484768,4_hr
Pataua_Island_Track,Easiest,492.4049649,174.5310101,-35.71572148,
Patutu_Route,Expert,4832.004755,173.8484724,-42.19990538,4_hr_30_min_one_way
Pavilion_Peak_Track,Advanced,17401.63,169.6450692,-44.47461203,8_-_10_hr
Paynes_Ford_Tramline_Track,Easy,1931.956641,172.8117893,-40.88719744,30_min_one_way
Peach_Cove_Track,Easy,2849.757728,174.56917,-35.848761,3_hr_return
Peak_Hill_Route,Expert,3039.152668,171.4916103,-43.31770664,3_hr_return
Pearl_Flat_to_head_of_the_valley,Advanced,15365.14878,168.66593,-44.463917,11-12_hr
Pearl_Harbour_return_via_Circle_Track,Advanced,6859.124305,167.5884531,-45.58014653,3_-_3.5_hr_return
Pearl_Harbour_to_Back_Valley_Hut_Track,Advanced,22545.15703,167.5817773,-45.59137617,4-5_hr_return_to_hut
Pearl_Harbour_to_Hope_Arm_Track,Advanced,26952.75935,167.5695861,-45.60293752,4-6_hr_return
Pelorus_Bridge_Scenic_Reserve_walking_tracks,"Easiest,Advanced",3734.71715,173.5746859,-41.2993603,Various_from_5_min_-_4_hr
Peninsula_Loop_Walk_,Easy,4850.994031,174.4229585,-35.43504046,1_hr_30_min_-_2_hr
Piano_Flat_&_Waikaia_Forest_tramping_tracks,Advanced,14064.61602,169.0260983,-45.53895851,Various:_30_min_-_7_hr_
Picnic_Gully_track,Easiest,650.364047,170.1873921,-46.05418827,45_min
Pinchgut_Track,Advanced,5697.872517,172.3607576,-43.13593856,3_hr_one_way
Pinnacles_Track,Easy,2596.396968,175.2365175,-41.4482796,2_–_4_hr_return_depending_on_route
Piripiri_Cave_Walk,Easiest,151.5157082,174.8626603,-38.25539436,5_min
Piroa_Falls_Track,Easy,139.0718214,174.3900604,-36.06466969,5_min
Pirongia_summit_via_Bell_&_Tahuanui_Tracks,Advanced,26806.8167,175.078202,-37.95829,1_-_2_days
Pirongia_summit_via_Hihikiwi_Track,Advanced,5073.265649,175.0787027,-38.00993498,4_-_6_hr_one_way
Pirongia_summit_via_Mahaukura_and_Tirohanga_Tracks,Advanced,13385.00574,175.127825,-37.98135,1_-_2_days
Piwakawaka_Track,Easy,2174.668886,173.7732223,-41.04975194,45_min
Point_Elizabeth_Walkway,Easy,5227.425548,171.2277762,-42.38511966,1_hr_45_min
Port_FitzRoy:_Coopers_Castle_Track,Advanced,4192.740278,175.3883534,-36.16958369,2_hr_30_min_-_3_hr_one_way
Port_FitzRoy:_Kaiaraara_Hut_side_tracks,Advanced,15279.22086,175.3886712,-36.19237511,Various:_30_min_-_4_hr_one_way
Port_FitzRoy:_Warrens_and_Bridle_Tracks,Easy,2925.594244,175.3668192,-36.1673918,1_hr_one_way
Potts_River_tracks,Advanced,48400.79337,171.0584636,-43.5363904,4_hr_|_9_hr_|_7_hr_one_way
Pouakai_Circuit,Advanced,20785.82955,174.0524657,-39.26367648,2_-_3_days
Pouakai_Crossing,Advanced,18647.10391,174.0533159,-39.23581422,7_hr_30_min_-_9_hr_30_min
Pouakai_Range_tramping_tracks,Advanced,7596.708439,174.0725242,-39.22393015,
Pudding_Hill_Stream_Route,Expert,7659.798493,171.5189652,-43.55159088,
Pukatea_Ridge_Track,Intermediate,11635.69132,173.7033237,-35.23546643,2_hr
Pukawa_Bay_walks,Easy,3105.662733,175.7547087,-38.90839374,45_min_or_1_hr_20_min
Pukeatua_Track,Advanced,14533.15561,175.1884997,-40.89378064,9_hr
Pukekohe_Stream_Track,Advanced,5031.789263,173.6083215,-35.23701604,2_hr_30_min
Pukenui_Forest_tracks,Easy,11590.03081,174.2566723,-35.70839912,
Puketi_Nature_Trail_,Easy,1446.18146,173.7912736,-35.21101224,1_hr
Pupu_Hydro_Walkway,Easy,5355.20372,172.7298439,-40.85456623,1hr_50_min
Purakaunui_Falls_Walk,Easiest,516.548047,169.5614119,-46.5176704,20_min
Puriri_Track_,Easy,5244.575845,174.4255217,-35.4523947,2_hr_30_min_return
Purity_-_Kelly_Knight_Hut_Loop_Track,Advanced,9080.546386,176.0388663,-39.83954769,2-3_days
Purity_Hut_Track,Advanced,4056.553751,176.036925,-39.81414495,3_-_4_hr
Purity_to_Kawhatau_Base_Track,Advanced,9080.546386,176.0388663,-39.83954769,3-4_days
Pyke_-_Big_Bay_Route,Expert,115059.9852,168.0760632,-44.49670572,
Quailburn_Track,"Advanced,Expert",1546.008173,169.7940861,-44.36386898,30_min_|_2_hr_one_way
Quartz_Creek/Mount Royal_Route,Expert,7977.655449,173.5721816,-41.4638077,8_hr_return
Quartz_Reef_Point_Walk,Easy,1106.282421,169.2409731,-44.99459593,30_min
Queen_Charlotte_Sound_walking_tracks,Easy,4115.832717,174.0693287,-41.20518085,10_min_-_1_hr
Queen_Charlotte_Track,Intermediate,65134.84337,174.087409,-41.19653215,3-5_days
Queen_Charlotte_Track:_Guided_walks,Advanced,65134.84337,174.087409,-41.19653215,4_-_5_days
Rainbow_Falls_Walk,Easiest,246.1265182,173.9426985,-35.21424904,10_min_one_way
Rakaia_Gorge_Walkway,Easy,4930.748322,171.6456767,-43.50876102,3-4_hr
Rakiura_Track,Intermediate,25306.53165,168.0613758,-46.87363883,3_days_
Rangatira_Point_Track,Easy,2629.400057,176.0148739,-38.73619624,1_hr_30_min
Rangitane_Road_to_Crow_Hut_Loop_Track,Advanced,4102.527376,176.0454015,-39.75481471,3_days
Rangitoto_Island_longer_walks,Easy,7783.190049,174.887143,-36.78076879,
Rangitoto_Island_shorter_walks,Easy,1945.604475,174.8551704,-36.80793065,Under_1_hr_return
Rangitoto_Summit_Track,Easy,5812.7438,174.861671,-36.80638899,2_hr_return
Rangituhi/Colonial_Knob_Walk,Easy,7094.916432,174.8184341,-41.14690824,3-5_hr_return
Rangiwahia_Hut_-_Deadmans_Track,Advanced,13088.74151,176.0262147,-39.89984404,2_days
Rangiwahia_Hut_Track,Easy,4191.582229,176.0075236,-39.897251,2_-_3_hr
Rapurapu_Kauri_Track,Advanced,2829.035645,175.9123851,-37.89255662,1_hr_15_min_one_way
Rarawa_Beach_Walk,Easiest,465.3485804,173.0843569,-34.72311026,20_min
Ratapihipihi_Scenic_Reserve_walk,Easiest,1693.526664,174.0432956,-39.10399643,45_min
Rawhiti_Cave_Track,Easy,1590.882815,172.8618034,-40.88149487,1_hr
Rees-Dart_Track,Advanced,84653.26536,168.4672097,-44.69357176,4-5_days
Remutaka_Rail_Trail,Easy,5345.122932,175.215852,-41.16712089,3_hr_walk_from_Kaitoke
Renfrew_Roadend_to_Table_Flat_Roadend,Advanced,19733.6682,176.0572817,-39.92698494,3_days
Rerekapa_Track,Advanced,9388.04336,174.7277574,-38.9453906,3_-_4_hr
Richmond_Trail,Easy,15898.97454,170.6221465,-43.87260263,4_-_5_hr
Ridge_Track,Advanced,2443.805508,177.7965618,-38.9818364,2_hr
Rimu_Walk,Easy,1539.580717,175.716165,-38.56541064,1_hr
Riuwaka_Resurgence,Easiest,452.6420715,172.9008705,-41.03283154,10_min_one_way
River_Walk,Easy,1067.392715,170.0299526,-43.48991334,40_min
River_Walk_Lookout_Track,Easiest,347.8532139,170.0292106,-43.49249803,20_min_
Rob_Roy_Track,Easy,5324.4391,168.7240664,-44.49415127,3–4_hr
Roberts_Point_Track_,Advanced,3739.400915,170.1782474,-43.43216391,5_hr_20_min
Rocky_Lookout,Easy,4520.67917,175.4497301,-40.90287589,1_hr_30_min_one_way
Rodger_Inlet_Track,"Advanced,Expert",11579.62589,167.4592865,-45.83573596,"6_hr_to_hut,_then_4_-_5_hrs_to_bushline"
Rokaiwhenua_Stream_Walk,Easiest,2024.435791,176.0202049,-40.12495673,1_hr
Rotary_Ride_and_Waikato_River_Track,Easy,6581.277382,176.0916222,-38.65195516,1_hr
Rotoma_Bridle_Track,Easy,957.9531716,176.5503668,-38.04498494,20_min_one_way
Rotopounamu_Track,Easy,4748.687539,175.7403629,-39.02305849,2_hr
Rough_Creek_Track,Advanced,4133.65996,172.2748691,-42.39662912,5_hr_30_min_-_6_hr
Round_the_Mountain_Track,Advanced,70247.81711,175.6280802,-39.29012894,4_-_6_days
Routeburn_Track,Intermediate,34292.53523,168.1814959,-44.7603144,2-4_days
Routeburn_Track:_Earland_Falls_Track_,Intermediate,11140.05051,168.1449996,-44.80218037,6_hr
Routeburn_Track:_Key_Summit_Track,Intermediate,4833.243419,168.1267263,-44.81812323,3_hr
Routeburn_Track:_Lake_Howden_Track,Intermediate,3195.585901,168.1193661,-44.81688249,3_hr
Roys_Peak_Track,Easy,6928.415975,169.0717515,-44.67339009,5-6_hr
Ruahine_Corner_to_Rangitane_Road,Advanced,18119.66698,176.0990427,-39.70015898,4_days
Ruakaka_Pipeline_Road_Track,Easy,3456.269258,174.4758837,-35.8618324,1_hr
Ruakuri_Walk,Easiest,1030.501749,175.0774633,-38.26582858,45_min
Ruapane_Lookout,"Easy,Advanced",5024.440889,175.129978,-37.968716,1_hr_|_1_hr_30_min_one_way
Ruapani_Circuit_Track,Advanced,13195.61637,177.136749,-38.73004684,6_hr
Ruapekapeka_Pā_Track_,Easy,1424.112756,174.141705,-35.45304397,30_min
Ryde_Falls_tracks,Easy,8630.909856,172.0697304,-43.25340791,4–6_hr
Sanctuary_Track,Easy,2165.982885,176.7261257,-38.66906846,1_hr
Sandfly_Bay_Track,Easy,573.3151821,170.6387815,-45.89358221,1_hr_30_min_return
Sandymount_Track,Easy,4373.612159,170.6667056,-45.89318722,2.5_km_return
Sawcut_Gorge/Isolated_Hill_Route,Expert,4491.041302,173.9844469,-41.88559262,2_hr_30_min_-_3_hr
Sawyer_Burn_Track,Advanced,4044.750326,169.2588807,-44.42802282,"2_hr_return_to_the_bushline,_5_hr_return_to_Sawyer"
Scott_Creek_Track,Advanced,3648.522208,168.2968753,-44.76338544,5-7_hr_return
Scotts_Saddle_Track,Advanced,4288.635758,171.5301807,-43.54647135,2_hr
Sentinel_Rock_Lookout_Track,Advanced,2525.43211,175.8542516,-37.61344781,5_hr
Sentinel_Rock_Walk,Easiest,227.2872097,170.1680118,-43.42483373,20_min
Seven_Mile_Track/Wilson_Bay_Track,Easy,2784.630441,168.5798598,-45.06307697,1_hr_30_min_one_way
Shirt_Tail_Track,Advanced,905.2593963,168.7105887,-45.32653362,1_-_1.5_hr
Shotover_Saddle_Route,Expert,2602.203777,168.68132,-44.511619,6_hr
Signal_Station_Track,Easiest,532.1984818,173.3688823,-35.53550493,15_min_one_way
Silver_Peaks_routes,"Advanced,Expert",24800.79226,170.4792906,-45.74787811,
Six_Foot_Track,Advanced,3786.092783,173.4670282,-35.50872067,1_hr_30_min_one_way
Skyline_Track,Advanced,21858.26064,169.072869,-44.722126,10-11_hrs
Smith_Creek_-_Tauherenikau_River,Advanced,6285.486002,175.2570333,-41.06577555,4_hr_return
Smugglers_Bay_Loop_Track,Easy,4891.665276,174.5294993,-35.8546474,1_hr_30_min
South_Borland_Track,Advanced,5878.248156,167.520578,-45.75881168,3_hr_one_way
South_Coast_Track,"Intermediate,Advanced,Expert",57544.15386,167.242204,-46.24270145,"7_hr_to_Port_Craig,_4_days_to_Big_River"
South_Mavora_Lake_walking_tracks,Easy,16923.50964,168.1467684,-45.33052869,
Southern_Circuit_Stewart_Island/Rakiura,Advanced,85782.09269,167.88232,-46.957926,4_-_6_days_round_trip_from_Freshwater_landing
Speargrass_Track,Intermediate,6461.33931,172.7814462,-41.83665787,2_hr_30_min_one_way
Square_Kauri_Tree_,Easiest,89.8950159,175.571237,-36.98999731,20_min
St_Arnaud_Range_Track,Advanced,4169.537548,172.8725983,-41.81877236,5_hr_return
St_James_-_Waiau_Pass_Track,Advanced,27571.45019,172.6242154,-42.25477546,
St_James_Walkway,Advanced,62923.73138,172.4917362,-42.39193556,5_days
St_Pauls_Rock_Track,Easy,665.0760631,173.7498791,-35.04839152,30_min_one_way
Stafford_Bay_Route,Expert,16597.71381,168.5885169,-43.99923084,4_hr_one_way
Stanley_River_Route,Expert,16096.67815,172.643854,-42.37819934,6_hr
Stockyard_Cove_Track,Easy,1100.646989,167.492798,-45.54304181,45_min_-_1_hr_return
Stony_Batter_Historic_Reserve_walks,Advanced,4153.667784,175.1741573,-36.7636325,
Studholme_Bush_Scenic_Reserve_tracks,Easy,7490.272392,171.0097292,-44.76057503,
Sugarloaf/Rockburn_Track,Advanced,4542.668223,168.317107,-44.68877591,8-11_hr_(Routeburn_carpark_-_Lake_Sylvan)
Sunrise_Track,Easy,5253.591486,176.1830225,-39.79232685,2_-_3_hr
Sutton_Salt_Lake_walk,Easiest,3332.445698,170.0896827,-45.57107006,40_-_60_m
Sylvester_Hut_Track,Easy,6840.040329,172.6565375,-41.10695497,2_hr_one_way
Table_Flat_-_Kashmir_Roadend_West-East_crossing,Advanced,16551.33118,176.077568,-39.9398966,3_days
Tableland_Circuit,"Easy,Expert",25501.85756,172.6826219,-41.19238336,2_days
Taheke_Waterfall_Track,Easy,2355.609303,174.4152469,-35.67853303,2_hr
Tahunatara_Point_Walk,Easy,2104.215157,175.9612347,-38.69781067,1_hr_30_min
Taieri_River_Track,Easy,4307.521735,170.1751164,-46.04160179,2_hr
Taipo_River_Track_to_Harman_Pass,Expert,28176.66192,171.4433926,-42.84992393,2_days
Taita_Bridle_Track,Advanced,4005.274464,173.5248501,-35.53866311,2_hr_one_way
Takitimu_Mountains_tracks_and_routes,Advanced,23383.00601,167.9397005,-45.69730475,
Talbot_Forest_Scenic_Reserve_tracks,Easiest,1777.598835,171.239238,-44.08704474,5_-_10_min
Tāne_Mahuta_Walk,Easiest,125.5956702,173.5274021,-35.60063695,5_min_one_way
Tangihua_Forest_Nature_Walk,Easy,587.1722634,174.1347478,-35.89281859,1_hr_5_min_one_way
Tangoio_Falls_Scenic_Reserve_tracks,"Easiest,Easy",3631.210857,176.8770643,-39.30155301,Various:_30_min_-_2_hr
Tapeka_Point_Track,Easy,432.0511704,174.1198397,-35.24385679,15_min_one_way
Tapotupotu_Bay_to_Cape_Reinga/Te_Rerenga_Wairua,Easy,3632.311888,172.6957002,-34.42912298,3_hr
Tararua_Southern_Crossing,Advanced,40119.91518,175.2636439,-40.97461729,3_days
Tarawera_Falls_Track,Easiest,798.2801134,176.5195439,-38.15950746,20_min_one_way
Tarawera_Outlet_to_Falls_Track,Easy,5062.101945,176.5123279,-38.17410838,2_hr
Tarawera_Outlet_to_Humphries_Bay,Advanced,7395.488266,176.4644729,-38.17705883,3_hr
Tarawera_Trail,Advanced,13848.59773,176.403595,-38.22316,5-6_hr
Tarn_Hut_tracks,Advanced,22622.30352,172.1725754,-43.07522281,2_days
Taronui_Bay_Recreation_Reserve_Track,Easy,3482.189873,173.9775968,-35.13133581,45_-_60_min_one_way
Tasman_River_tracks_,Advanced,11708.9933,170.1630012,-43.82164377,2_or_3_hr_one_way
Tatare_Tunnels_Walk_,Easy,1830.543523,170.2015156,-43.38714252,1_hr_20_min
Taumarumaru_Scenic_Reserve_Walk,Easiest,2476.067212,173.5023187,-34.98966447,40_min
Tauranga_Loop_Track,Easy,4670.149993,177.2910433,-38.2079337,2_hr
Taurewa_Track,Easy,3406.462739,175.5499106,-39.07214911,2_-_3_hr
Tautuku_walks,Easiest,1500.968132,169.437736,-46.5795757,15_-_30_min
Tawa_Grove_Walk,Easiest,409.9106773,174.9110234,-41.35288403,30_min
Tawarau_Forest_tramping_tracks,Advanced,23887.21118,174.9074587,-38.30969032,Various_from_2_-_7_hr
Te_Ara_a_Waiau_Walkway/Cycleway,Easy,3681.260924,170.1783166,-43.40853847,2_hr
Te_Ara_Pātaka/Summit_Walkway,"Intermediate,Advanced",27674.29598,172.78462,-43.71553,2-3_days
Te_Arapiki_o_Tawhaki,Easy,2474.314319,175.637194,-40.725553,2_hr_
Te_Au_Track,Advanced,5202.24658,175.079874,-40.87591825,3_–_4_hr_to_Huia_Street
Te_Hapua_Bay_Track,Advanced,462.9227171,175.7925783,-38.81613128,45_min_one_way
Te_Haua_Uru_Track,Advanced,3306.388705,174.1242591,-35.88049668,3_hr_45_min_to_junction_one_way_from_car_park
Te_Henga_Walkway,"Easy,Intermediate",9554.48065,174.43659,-36.86727,
Te_Iringa_Track,Advanced,11895.11203,176.2165185,-38.99388423,
Te_Kauri_Park_Circuit_Walk,Easiest,941.3207412,174.9798723,-38.07268648,1_hr_30_min
Te_Kere_Haka_Track,Easy,2444.081838,168.7207567,-45.31956667,1_hr
Te_Kopia_Walk,Easiest,200.3048062,176.2154953,-38.40115559,5_min
Te_Kuri_Farm_Walkway,Easy,3217.853171,178.0400144,-38.64064238,3_hr
Te_Maire_Loop_Track,Easy,3619.160677,175.1929246,-38.95158757,2_hr
Te_Matua_Ngahere_Walk,Easiest,1256.537599,173.5326764,-35.60851491,20_min_one_way
Te_Paki_Coastal_Track,Easy,47147.35256,172.7556148,-34.45732603,3-4_days
Te_Puia_Hut_Track__and_Mangatainoka_Hot_Springs,Intermediate,8815.516167,176.4194513,-39.17812484,1–2_days
Te_Reinga_Scenic_Reserve_Walk,Easiest,169.6237935,177.5180964,-38.83024784,5_min_one_way
Te_Rereatukahia_Loop_Track,Advanced,13865.22966,175.8529905,-37.59111006,7_hr
Te_Tapui_Loop_Track,Advanced,5858.550632,175.62146,-37.81400582,3_-_4_hr
Te_Waiti_Hut_Walk,Advanced,6236.236658,177.3955648,-38.14926759,2_hr_one_way
Te_Waiti_Nature_Trail,Easy,616.8003509,177.385703,-38.11877588,30_min_-_1hr
Te_Weheka_Walkway/Cycleway,Easy,4459.970105,170.0273194,-43.48281884,2_hr_20_min
Te_Werahi_Beach_to_Twilight_Beach,Easy,25573.05377,172.6933589,-34.47926107,3_hr
Te_Werahi_Beach_Track,Easy,4269.919687,172.6780592,-34.4458266,45_min
Te_Whara_Track,Intermediate,6361.725227,174.5725345,-35.83909804,5-6_hr
Teal_Bay_to_Lake_Poteriteri_Hut_Route,Expert,15823.86251,167.233984,-46.10426495,10_hr
Teal_Bay_to_South_Coast_Track,Advanced,15138.02442,167.339704,-46.1213505,10_hr
Temple_valley_tracks,Advanced,13659.40904,169.8000855,-44.11694326,Various_times
Terrace_Walk_,Easiest,779.2995339,170.184529,-43.3929529,30_min
The_Chasm_Walk,Easiest,421.0406688,167.9503414,-44.72143622,20_min
Three_Passes_Route,Expert,45151.34487,171.3440156,-42.94953921,4_-_5_days
Tikitapu_Nature_Walk,Easiest,740.6864757,176.3301128,-38.18286335,30_min
Timaru_River_Track,Advanced,45975.23511,169.435318,-44.528134,
Tiritiri_Matangi_Island_walks,"Easiest,Easy",11768.40212,174.8902588,-36.59984462,20_min_-_3_hr
Tirohanga_Dunes_Trail,Easy,4521.378161,177.3549725,-37.98740626,4_hr_return
Titri_Creek_Track,Easiest,718.0697865,170.1131962,-46.00161732,10_min
"Toaroha,_Hokitika,_Lower_Whitcombe_Track","Advanced,Expert",43559.08022,171.136274,-42.98462726,4_-_5_days
Toaroha/Zit_Saddle/Kokatahi/Lathrop_Saddle/Styx_River__Route_,"Advanced,Expert",42616.78164,171.2470947,-42.94759433,3-4_days
Toatoa_Walk,Easiest,198.7856121,173.5624576,-35.67331867,10_min_one_way
Tohumoana_Lookout_Track_,Easy,4331.692699,174.4131623,-35.44560998,1_hr_30_min_return
Tokaanu_Thermal_Walk,Easiest,579.0743486,175.7633309,-38.96790184,20_min
Tokatea_Lookout_Walking_Track,Easy,316.6597928,175.5137299,-36.72093577,30_min
Tokatoka_Scenic_Reserve_Track,Easy,291.4358031,173.9757792,-36.05813313,20_min_one_way
Tokenui_to_Te_Waiti_Route,Expert,17335.07773,177.3935388,-38.2242337,6_-_8_hr_one_way
Tomahawk_Lagoon/41-Peg_Track,Advanced,402.2404159,170.5536408,-45.90097817,2_hr
Tongariro_Alpine_Crossing,Intermediate,19096.69508,175.5810012,-39.14449724,7-8_hr_(allow_full_day)
Tongariro_Northern_Circuit,Intermediate,45479.92851,175.624558,-39.1458107,3-4_days
Tongariro_River_Trail,Easy,14357.25272,175.814981,-39.00866415,2_-_3_hours
Top_Dingle_Hut_Track_,Advanced,2797.662231,169.5880057,-44.27401822,3_-_4_hr
Toretore_Island_Walk,Easy,348.8337255,174.1116327,-35.28444771,10_min_one_way
Trains_Track,Advanced,12327.64082,174.747782,-39.52137178,4_hr
Tramline_Track,Advanced,12345.70847,175.4247904,-36.21568074,6_hr
Travers-Sabine_Circuit,Advanced,84545.6959,172.8061652,-41.91644668,4_-_7_days
Tree_Trunk_Gorge_tracks,Advanced,10256.44346,175.8076331,-39.166611,1_hr_30_min
Trotters_Gorge_tracks,"Easy,Advanced",3358.733709,170.7773311,-45.40047794,30_min_one_way_|2_hr_return
Trounson_Kauri_Park_Loop_Track,Easiest,1520.582841,173.6484824,-35.720947,40_min
Tuahu_Kauri_walking_tracks,Easy,5926.838445,175.8522956,-37.60674382,40_-_50_min_return
Tuahu_Track,Advanced,12092.28809,175.829158,-37.60123444,5_hr
Tuhoto_Ariki_Trail,Advanced,3527.871843,176.3168664,-38.18863713,1_hr_30_min
Tui_Track_link_from_Boyle_village,Advanced,11208.485,172.3456137,-42.55143692,3_hr
Tunnel_Beach_Track,Easy,811.2098132,170.4553895,-45.9206778,1_hr
Tutamoe_Scenic_Reserve_Track,Easy,345.3099721,173.6790645,-35.65678213,
Tutoko_Valley_Route,Expert,3196.471981,167.9750149,-44.6652602,5_hr
Tutukaka_Head_tracks,Easy,1314.581559,174.5407064,-35.61154894,1_hr
Tweedies_Gully_Walk_,Easy,1524.476394,173.3029231,-42.86492903,1-2_hr
Twelve_Mile_Delta_to_Bob’s_Cove_Track,Easy,344.8170835,168.5481892,-45.06675519,2_-_4_hr
Twilight_-_Te_Werahi_Loop_Track,Advanced,21303.13408,172.6878431,-34.4898878,4_hr_30_min_-_5_hr
Twilight_Beach_to_Te_Paki_Stream_,Easy,6373.731502,172.7041186,-34.50823445,4_hr_30_min
Twin_Kauri_Track,Advanced,475.3688812,175.8435569,-36.97900715,30_min
Twizel_area_tracks,"Easy,Advanced",44392.40439,169.996176,-44.19933673,Various:_15_min_-_8_hr
Twizel_Town_tracks,Easy,19518.41279,170.1278131,-44.24948984,2_or_4_hr_one_way
Ulva_Island/Te_Wharawhara_walking_tracks,"Easiest,Easy",4054.487952,168.1217481,-46.92840617,
Upper_Clutha_River_Track,Easy,18192.86097,169.259597,-44.713347,6_-_6_hr_30_min
Upper_Copland_Valley_Track,"Advanced,Expert",29930.0888,169.9394872,-43.62380619,3_days_+
Urchin_and_Umukarikari_tracks,Advanced,24941.00978,175.8928309,-39.15028412,1_-_2_days
Urupukapuka_Island_Walk,Easy,11591.71309,174.2294041,-35.21697496,5_hr
Veronica_Loop_Track,Easy,2617.337136,174.0917301,-39.2741622,1_hr_30__min-_2_hr
Visitor_Centre_to_Kepler_Track_Carpark_Walk,Easy,3455.563327,167.7048282,-45.43801614,50_min
Visitor_Centre_to_Te_Anau_Bird_Sanctuary_Walk,Easy,741.214239,167.7130949,-45.43010561,10_min
Waiatiu_Falls_Track,Easy,1591.144955,176.6938405,-38.67290623,1.5_hr
Waiau_Falls_and_Kauri_Grove_Lookout_Walk,Easiest,70.68811297,175.5471346,-36.83205956,30_min_return
Waihaha_and_Waihora_tracks,Easy,11352.3479,175.7152657,-38.70936792,3_-_4_hr
Waihoanga_Gorge_Kauri_Walk,Easy,2294.349824,173.7491103,-35.25370741,2_hr
Waihora_Lagoon_Walk,Easy,672.5209702,175.6614796,-38.64802625,15_min
Waikakaho/Cullen_Creek_Walkway,Advanced,13638.73984,173.8643909,-41.34956801,5_hr
Waikawau_Track_,Advanced,10707.33554,174.7264169,-38.46005247,14_hr
Waima_Main_Range_Track,Advanced,14098.2837,173.5341575,-35.53208291,10_hr_one_way
Waimamaku_Coastal_Track,Easy,9472.036487,173.3842936,-35.5659683,4_hr
Waingongoro_Hut_tracks,Advanced,3499.480565,174.1075,-39.31796998,1_hr_30_min_one_way
Wainui_Falls_Track,Easy,1706.756362,172.9402163,-40.83876811,1_hr_20_min_return
Waiomu_Kauri_Grove_Walk,Easy,2458.612226,175.5408265,-37.02612372,2_hr_30_min_return
Waiorongomai_Valley_tramping_tracks,Advanced,10856.86009,175.7551419,-37.54766227,2_or_5_hr
Waiotemarama_Loop_Track,"Easiest,Easy",1669.669622,173.4421893,-35.53021739,2.5_hr
Waipakihi_River_tracks,Expert,3184.24263,175.9551693,-39.13911027,Various_times
Waipapa_River_Track,Advanced,21580.57956,173.7382079,-35.23012298,2_days
Waipehi_Walk,Easy,1310.65534,175.9688141,-38.88315273,1_hr
Waipu_Caves_Track,Easy,1747.25978,174.3527108,-35.9284592,1_hr_30_min_return
Wairakau_Stream_Track,Intermediate,5277.158666,173.7217323,-35.02298204,2_hr
Wairau_Lagoons_Walkway,Easy,8363.090536,174.0621907,-41.52287994,3_hr
Wairēinga/Bridal_Veil_Falls__,Easiest,757.8705966,174.8989912,-37.90769861,10_min_|_20_min_one_way
Wairepo_Kettleholes_Track,Easy,2688.623341,169.8725393,-44.36927697,1_hr_one_way
Wairere_Falls_Track,"Easy,Advanced",3419.141567,175.8721946,-37.73557363,3_-_4_hr
Wairoa_Track,Advanced,5020.465194,175.859234,-37.51728376,4_hours_one_way
Waitaanga_South_Road_to_Te_Rerepahupahu_Falls_Track,Advanced,11099.87703,174.8387226,-38.8683871,4_hr_30_min
Waitaia_Track,Easy,2351.410813,175.7340577,-36.74443646,1_hr_30_min_-_2_hr
Waitangitaona_Wetland_Walk,Easiest,259.7499315,170.3313459,-43.16040487,20_min
Waitanguru_Falls_Walk,Easy,221.7758425,174.8686103,-38.39478042,15_min_return
Waitawheta_Tramway,Intermediate,8911.418456,175.7820179,-37.49900904,"8_hr_(return),_3-4_hrs_one_way"
Waitengaue_Track,Advanced,8787.832964,175.8418678,-37.50695743,4_hr_one_way
Waitewaewae_Hut_Track,Advanced,5406.865769,175.289284,-40.843958,5_-_7_hr_one_way
Waitomo_Walkway,Easy,3493.115493,175.0939536,-38.26096863,1_hr_15_min_one_way
Waitonga_Falls_Track,Easy,1864.986843,175.5031549,-39.33039862,1_hr_20_min
Waituna_Lagoon_tracks,"Easiest,Easy",4344.599678,168.6282286,-46.5550029,10_m_-_2_hr
Wakamarina_Track,Advanced,20540.72752,173.6112606,-41.42814903,7_hrs_(south_to_north)
Wakarara_Road_End_routes,Expert,4957.807436,176.2138949,-39.75568455,
Wakarara_Road_End_tramping_tracks,Advanced,17033.23496,176.2361,-39.71083786,
Walnut_Track,Advanced,2123.484631,173.7382905,-35.21557034,45_min
Wanganui_valley_tracks,"Advanced,Expert",28489.1932,170.7334985,-43.22023736,3_days_+
Wangapeka_Track,"Advanced,Expert",57976.85323,172.3622201,-41.4057522,4_-_6_days_one_way
Waoku_Coach_Road_Track,Advanced,22946.86094,173.6349321,-35.57101649,12_hr_one_way
Waro_Limestone_Scenic_Reserve_Walk,Easy,891.9396059,174.2836226,-35.58761694,20_min
Washbourn_Scenic_Reserve_Walk,Easy,804.2463441,172.7059724,-40.76966994,30_min_return
Waterworks_Walk,Easiest,970.7019197,175.1371005,-37.66270769,1_hr_return
Watkin_Powell_Track,Easy,188.7921895,174.4589232,-35.49137235,
Wekaweka_Track_,Advanced,3294.148978,173.6108801,-35.55701277,2_hr_one_way
Wentworth_Valley_walks,"Easiest,Easy",3996.32329,175.8130638,-37.25155208,
West_Egmont_tramping_tracks,Advanced,18049.86014,173.9850585,-39.30211429,5_or_6_hr_return
West_Matukituki_Track,"Intermediate,Advanced",15365.14878,168.66593,-44.463917,Various:_2_hr_30_min_-_6_hr
Western_Okataina_Walkway,Advanced,19522.30502,176.3926899,-38.10590065,7_hr
Wether_Range_Tracks,"Advanced,Expert",10389.30038,169.8182508,-44.54062618,2_hr_one_way
Whakaipo_Bay_tracks,Easy,22119.96399,175.9334367,-38.68591289,4_hr_30_min_|_8_hr
Whakamaharatanga_Walkway,Easiest,1183.018317,176.8575316,-39.43149127,40_min_/_1_hr
Whakanui_Track,Advanced,8536.291096,174.9926057,-41.2976139,7_hrs_to_Wainuiomata
Whakapapaiti_Valley_Track,Advanced,10414.32102,175.5139004,-39.21513598,4_-_5_hr
Whakapono_and_Tumanako_tracks,Easy,2358.053015,174.1335631,-35.88794732,2_hr_30
Whangamarino_Historic_Walk,Easiest,878.0722815,175.0618853,-37.29329927,25_min
Whangamumu_Track,Easy,3351.968953,174.2816506,-35.25369403,1_hr
Whangaparapara:_Mount_Whangaparapara_Track,Advanced,1530.708022,175.3919067,-36.23180503,2_hr_return
Whangaparapara:_Old_Mill_Track,Easy,1410.206518,175.3920994,-36.24068217,2_hr_return
Whangaparapara:_Te_Ahumata_Track,Advanced,1662.312478,175.4255265,-36.24329061,1_hr
"Whangaparapara:_Tramline,_Pack_&_Withey_Tracks",Advanced,5461.633299,175.3941138,-36.22917449,Various:_1_-_6_hr_one_way
Whangaruru_North_Head_walking_tracks,Easy,6388.542402,174.3671627,-35.36395816,
Wharauroa_and_Mahaukura_Lookouts,Advanced,7085.177978,175.13364,-37.975785,2_-_3_hr_|_2_hr_one_way
Wharekirauponga_Track,Easy,6755.041061,175.8362812,-37.27461752,3_hr_30_min
Whareroa_Farm_tracks,"Easiest,Easy,Advanced",7814.482521,174.9922501,-40.9756405,
Wharfedale_Hut_tracks,Intermediate,14190.83666,172.0382551,-43.22452623,1–2_days
"Whataroa,_Butler_and_Perth_valleys_tracks","Advanced,Expert",45410.00684,170.4789653,-43.34880515,3_days_+
Whinray_Scenic_Reserve_Track,Easy,5643.699667,177.5966034,-38.23947827,2_hr_30_min
Whirinaki_Waterfall_Loop_Track,Easy,8639.90388,176.697858,-38.69727915,4_hr
Whisky_Falls,Easy,7946.474761,172.8315711,-41.8440485,5_hr_return
Whitcombe_Pass_Track,Advanced,32189.20895,171.0091276,-43.10568786,3-4_days_to_Whitcombe_Pass
White_Pine_Bush_Scenic_Reserve_walks,Easiest,1155.619453,176.878546,-39.28617344,30_min_/_40_min
White_Pine_Bush_Track,Easiest,285.522422,176.947083,-38.01262153,30_min
Whitecliffs_Walkway,Easy,11587.27367,174.5551169,-38.86312183,up_to_8_hr
Whites_Bay_tracks,Easy,20367.52221,174.0414961,-41.36874812,10_min_-_9_hr
Whitianga_Rock_Walk,Easiest,1093.34753,175.7150369,-36.83308426,20_min_return
Wilkin_Valley_-_East_Matukituki_Traverse,Expert,25292.67914,168.871212,-44.34169102,7_-_10_hr
Wilkin_Valley_tracks,Advanced,32332.08177,169.015809,-44.24852957,6_-_8_hr
Willberg_Walk,Easiest,751.3623019,170.5631945,-43.15244995,30_min
Wills_Valley_Track,Advanced,7310.658091,169.419516,-44.036206,5_-_6_hr
Windy_Canyon_and_Palmers_Track_to_Mt_Hobson_(Hirakimata),Easy,3044.91772,175.4238619,-36.17581087,10_min_|_3_hr_one_way
Wooded_Gully_loop_walks,Easy,4257.113084,172.336309,-43.18403583,1_hr_return_|_2_hr_return
Woods_Creek_Track_,Easy,892.5191947,171.3481449,-42.55364769,45_min
Woodside_Glen_and_Maungatua_summit_walks,"Easy,Advanced",6293.218419,170.1493843,-45.8752319,2_hr_30_min_or_8_hr_30_min_return
Yakas_Walk,Easiest,2068.743095,173.5314198,-35.61368091,1_hr_20_min_return
Yeomans_Track,Easy,3965.725559,176.2644738,-39.72037491,3_hr_30_min_-_4_hr_30_min
York_Road_Loop_Track,Easy,5185.441629,174.1641991,-39.29189434,3_hr
Youngman_Stream_Track,Advanced,13122.5973,172.1728613,-43.0762799,4-5_hr_one_way
Zekes_Hut_Track,Advanced,10403.13337,175.7349757,-39.54152146,2_hr_30_min_-_3_hr_30_min_one_way